x,y,z,mhh,mvv,mhv
-0.322727,0.322727,0,51151.2,53567.9,44594.9
-0.968182,0.968182,0,165323,43244.5,88338.7
-1.61364,1.61364,0,325248,56922.9,86458.5
-2.25909,2.25909,0,469275,77825,64195.6
-2.90455,2.90455,0,565166,93756,33619.3
-3.55,3.55,0,598487,99529.8,3.28838e-06
-4.19545,4.19545,0,565166,93756,-33619.3
-4.84091,4.84091,0,469275,77825,-64195.6
-5.48636,5.48636,0,325248,56922.9,-86458.5
-6.13182,6.13182,0,165323,43244.5,-88338.7
-6.77727,6.77727,0,51151.2,53567.9,-44594.9
-6.77727,7.42273,0,51151.2,53567.9,44594.9
-6.13182,8.06818,0,165323,43244.5,88338.7
-5.48636,8.71364,0,325248,56922.9,86458.5
-4.84091,9.35909,0,469275,77825,64195.6
-4.19545,10.0045,0,565166,93756,33619.3
-3.55,10.65,0,598487,99529.8,-3.03495e-07
-2.90455,11.2955,0,565166,93756,-33619.3
-2.25909,11.9409,0,469275,77825,-64195.6
-1.61364,12.5864,0,325248,56922.9,-86458.5
-0.968182,13.2318,0,165323,43244.5,-88338.7
-0.322727,13.8773,0,51151.2,53567.9,-44594.9
0.322727,13.8773,0,51151.2,53567.9,44594.9
0.968182,13.2318,0,165323,43244.5,88338.7
1.61364,12.5864,0,325248,56922.9,86458.5
2.25909,11.9409,0,469275,77825,64195.6
2.90455,11.2955,0,565166,93756,33619.3
3.55,10.65,0,598487,99529.8,-4.99422e-07
4.19545,10.0045,0,565166,93756,-33619.3
4.84091,9.35909,0,469275,77825,-64195.6
5.48636,8.71364,0,325248,56922.9,-86458.5
6.13182,8.06818,0,165323,43244.5,-88338.7
6.77727,7.42273,0,51151.2,53567.9,-44594.9
6.77727,6.77727,0,51151.2,53567.9,44594.9
6.13182,6.13182,0,165323,43244.5,88338.7
5.48636,5.48636,0,325248,56922.9,86458.5
4.84091,4.84091,0,469275,77825,64195.6
4.19545,4.19545,0,565166,93756,33619.3
3.55,3.55,0,598487,99529.8,1.43668e-06
2.90455,2.90455,0,565166,93756,-33619.3
2.25909,2.25909,0,469275,77825,-64195.6
1.61364,1.61364,0,325248,56922.9,-86458.5
0.968182,0.968182,0,165323,43244.5,-88338.7
0.322727,0.322727,0,51151.2,53567.9,-44594.9
-0.322727,0.322727,0.952381,42542.1,178443,86034.6
-0.968182,0.968182,0.952381,43080.7,51147.5,162670
-1.61364,1.61364,0.952381,69419.1,-14235.8,167308
-2.25909,2.25909,0.952381,104468,-42361.3,129664
-2.90455,2.90455,0.952381,132482,-52705.6,69558.2
-3.55,3.55,0.952381,142998,-55179.8,6.50063e-06
-4.19545,4.19545,0.952381,132482,-52705.6,-69558.2
-4.84091,4.84091,0.952381,104468,-42361.3,-129664
-5.48636,5.48636,0.952381,69419.1,-14235.8,-167308
-6.13182,6.13182,0.952381,43080.7,51147.5,-162670
-6.77727,6.77727,0.952381,42542.1,178443,-86034.6
-6.77727,7.42273,0.952381,42542.1,178443,86034.6
-6.13182,8.06818,0.952381,43080.7,51147.5,162670
-5.48636,8.71364,0.952381,69419.1,-14235.8,167308
-4.84091,9.35909,0.952381,104468,-42361.3,129664
-4.19545,10.0045,0.952381,132482,-52705.6,69558.2
-3.55,10.65,0.952381,142998,-55179.8,-5.45755e-07
-2.90455,11.2955,0.952381,132482,-52705.6,-69558.2
-2.25909,11.9409,0.952381,104468,-42361.3,-129664
-1.61364,12.5864,0.952381,69419.1,-14235.8,-167308
-0.968182,13.2318,0.952381,43080.7,51147.5,-162670
-0.322727,13.8773,0.952381,42542.1,178443,-86034.6
0.322727,13.8773,0.952381,42542.1,178443,86034.6
0.968182,13.2318,0.952381,43080.7,51147.5,162670
1.61364,12.5864,0.952381,69419.1,-14235.8,167308
2.25909,11.9409,0.952381,104468,-42361.3,129664
2.90455,11.2955,0.952381,132482,-52705.6,69558.2
3.55,10.65,0.952381,142998,-55179.8,-7.63219e-07
4.19545,10.0045,0.952381,132482,-52705.6,-69558.2
4.84091,9.35909,0.952381,104468,-42361.3,-129664
5.48636,8.71364,0.952381,69419.1,-14235.8,-167308
6.13182,8.06818,0.952381,43080.7,51147.5,-162670
6.77727,7.42273,0.952381,42542.1,178443,-86034.6
6.77727,6.77727,0.952381,42542.1,178443,86034.6
6.13182,6.13182,0.952381,43080.7,51147.5,162670
5.48636,5.48636,0.952381,69419.1,-14235.8,167308
4.84091,4.84091,0.952381,104468,-42361.3,129664
4.19545,4.19545,0.952381,132482,-52705.6,69558.2
3.55,3.55,0.952381,142998,-55179.8,2.84193e-06
2.90455,2.90455,0.952381,132482,-52705.6,-69558.2
2.25909,2.25909,0.952381,104468,-42361.3,-129664
1.61364,1.61364,0.952381,69419.1,-14235.8,-167308
0.968182,0.968182,0.952381,43080.7,51147.5,-162670
0.322727,0.322727,0.952381,42542.1,178443,-86034.6
-0.322727,0.322727,1.90476,61783.7,348663,80977.3
-0.968182,0.968182,1.90476,-8045,89678.8,164209
-1.61364,1.61364,1.90476,-56624.6,-60694.1,174905
-2.25909,2.25909,1.90476,-85425.2,-143493,139338
-2.90455,2.90455,1.90476,-99658.5,-184057,76079.3
-3.55,3.55,1.90476,-103824,-196148,7.74115e-06
-4.19545,4.19545,1.90476,-99658.5,-184057,-76079.3
-4.84091,4.84091,1.90476,-85425.2,-143493,-139338
-5.48636,5.48636,1.90476,-56624.6,-60694.1,-174905
-6.13182,6.13182,1.90476,-8045,89678.8,-164209
-6.77727,6.77727,1.90476,61783.7,348663,-80977.3
-6.77727,7.42273,1.90476,61783.7,348663,80977.3
-6.13182,8.06818,1.90476,-8045,89678.8,164209
-5.48636,8.71364,1.90476,-56624.6,-60694.1,174905
-4.84091,9.35909,1.90476,-85425.2,-143493,139338
-4.19545,10.0045,1.90476,-99658.5,-184057,76079.3
-3.55,10.65,1.90476,-103824,-196148,-4.48897e-07
-2.90455,11.2955,1.90476,-99658.5,-184057,-76079.3
-2.25909,11.9409,1.90476,-85425.2,-143493,-139338
-1.61364,12.5864,1.90476,-56624.6,-60694.1,-174905
-0.968182,13.2318,1.90476,-8045,89678.8,-164209
-0.322727,13.8773,1.90476,61783.7,348663,-80977.3
0.322727,13.8773,1.90476,61783.7,348663,80977.3
0.968182,13.2318,1.90476,-8045,89678.8,164209
1.61364,12.5864,1.90476,-56624.6,-60694.1,174905
2.25909,11.9409,1.90476,-85425.2,-143493,139338
2.90455,11.2955,1.90476,-99658.5,-184057,76079.3
3.55,10.65,1.90476,-103824,-196148,-1.24797e-07
4.19545,10.0045,1.90476,-99658.5,-184057,-76079.3
4.84091,9.35909,1.90476,-85425.2,-143493,-139338
5.48636,8.71364,1.90476,-56624.6,-60694.1,-174905
6.13182,8.06818,1.90476,-8045,89678.8,-164209
6.77727,7.42273,1.90476,61783.7,348663,-80977.3
6.77727,6.77727,1.90476,61783.7,348663,80977.3
6.13182,6.13182,1.90476,-8045,89678.8,164209
5.48636,5.48636,1.90476,-56624.6,-60694.1,174905
4.84091,4.84091,1.90476,-85425.2,-143493,139338
4.19545,4.19545,1.90476,-99658.5,-184057,76079.3
3.55,3.55,1.90476,-103824,-196148,2.66265e-06
2.90455,2.90455,1.90476,-99658.5,-184057,-76079.3
2.25909,2.25909,1.90476,-85425.2,-143493,-139338
1.61364,1.61364,1.90476,-56624.6,-60694.1,-174905
0.968182,0.968182,1.90476,-8045,89678.8,-164209
0.322727,0.322727,1.90476,61783.7,348663,-80977.3
-0.322727,0.322727,2.85714,88613.5,502493,60933.3
-0.968182,0.968182,2.85714,-17535.7,139861,132331
-1.61364,1.61364,2.85714,-105619,-85009.8,146741
-2.25909,2.25909,2.85714,-169018,-218328,119844
-2.90455,2.90455,2.85714,-206657,-288104,66393.1
-3.55,3.55,2.85714,-219080,-309727,6.48573e-06
-4.19545,4.19545,2.85714,-206657,-288104,-66393.1
-4.84091,4.84091,2.85714,-169018,-218328,-119844
-5.48636,5.48636,2.85714,-105619,-85009.8,-146741
-6.13182,6.13182,2.85714,-17535.7,139861,-132331
-6.77727,6.77727,2.85714,88613.5,502493,-60933.3
-6.77727,7.42273,2.85714,88613.5,502493,60933.3
-6.13182,8.06818,2.85714,-17535.7,139861,132331
-5.48636,8.71364,2.85714,-105619,-85009.8,146741
-4.84091,9.35909,2.85714,-169018,-218328,119844
-4.19545,10.0045,2.85714,-206657,-288104,66393.1
-3.55,10.65,2.85714,-219080,-309727,-1.30013e-06
-2.90455,11.2955,2.85714,-206657,-288104,-66393.1
-2.25909,11.9409,2.85714,-169018,-218328,-119844
-1.61364,12.5864,2.85714,-105619,-85009.8,-146741
-0.968182,13.2318,2.85714,-17535.7,139861,-132331
-0.322727,13.8773,2.85714,88613.5,502493,-60933.3
0.322727,13.8773,2.85714,88613.5,502493,60933.3
0.968182,13.2318,2.85714,-17535.7,139861,132331
1.61364,12.5864,2.85714,-105619,-85009.8,146741
2.25909,11.9409,2.85714,-169018,-218328,119844
2.90455,11.2955,2.85714,-206657,-288104,66393.1
3.55,10.65,2.85714,-219080,-309727,4.57279e-07
4.19545,10.0045,2.85714,-206657,-288104,-66393.1
4.84091,9.35909,2.85714,-169018,-218328,-119844
5.48636,8.71364,2.85714,-105619,-85009.8,-146741
6.13182,8.06818,2.85714,-17535.7,139861,-132331
6.77727,7.42273,2.85714,88613.5,502493,-60933.3
6.77727,6.77727,2.85714,88613.5,502493,60933.3
6.13182,6.13182,2.85714,-17535.7,139861,132331
5.48636,5.48636,2.85714,-105619,-85009.8,146741
4.84091,4.84091,2.85714,-169018,-218328,119844
4.19545,4.19545,2.85714,-206657,-288104,66393.1
3.55,3.55,2.85714,-219080,-309727,3.18512e-06
2.90455,2.90455,2.85714,-206657,-288104,-66393.1
2.25909,2.25909,2.85714,-169018,-218328,-119844
1.61364,1.61364,2.85714,-105619,-85009.8,-146741
0.968182,0.968182,2.85714,-17535.7,139861,-132331
0.322727,0.322727,2.85714,88613.5,502493,-60933.3
-0.322727,0.322727,3.80952,111729,615949,38882.3
-0.968182,0.968182,3.80952,-8947.69,187502,90407.7
-1.61364,1.61364,3.80952,-113315,-93096.6,104926
-2.25909,2.25909,3.80952,-191936,-267199,88159.3
-2.90455,2.90455,3.80952,-240304,-361629,49613.4
-3.55,3.55,3.80952,-256584,-391480,5.38491e-06
-4.19545,4.19545,3.80952,-240304,-361629,-49613.4
-4.84091,4.84091,3.80952,-191936,-267199,-88159.3
-5.48636,5.48636,3.80952,-113315,-93096.6,-104926
-6.13182,6.13182,3.80952,-8947.69,187502,-90407.7
-6.77727,6.77727,3.80952,111729,615949,-38882.3
-6.77727,7.42273,3.80952,111729,615949,38882.3
-6.13182,8.06818,3.80952,-8947.69,187502,90407.7
-5.48636,8.71364,3.80952,-113315,-93096.6,104926
-4.84091,9.35909,3.80952,-191936,-267199,88159.3
-4.19545,10.0045,3.80952,-240304,-361629,49613.4
-3.55,10.65,3.80952,-256584,-391480,-2.74926e-06
-2.90455,11.2955,3.80952,-240304,-361629,-49613.4
-2.25909,11.9409,3.80952,-191936,-267199,-88159.3
-1.61364,12.5864,3.80952,-113315,-93096.6,-104926
-0.968182,13.2318,3.80952,-8947.69,187502,-90407.7
-0.322727,13.8773,3.80952,111729,615949,-38882.3
0.322727,13.8773,3.80952,111729,615949,38882.3
0.968182,13.2318,3.80952,-8947.69,187502,90407.7
1.61364,12.5864,3.80952,-113315,-93096.6,104926
2.25909,11.9409,3.80952,-191936,-267199,88159.3
2.90455,11.2955,3.80952,-240304,-361629,49613.4
3.55,10.65,3.80952,-256584,-391480,1.0021e-06
4.19545,10.0045,3.80952,-240304,-361629,-49613.4
4.84091,9.35909,3.80952,-191936,-267199,-88159.3
5.48636,8.71364,3.80952,-113315,-93096.6,-104926
6.13182,8.06818,3.80952,-8947.69,187502,-90407.7
6.77727,7.42273,3.80952,111729,615949,-38882.3
6.77727,6.77727,3.80952,111729,615949,38882.3
6.13182,6.13182,3.80952,-8947.69,187502,90407.7
5.48636,5.48636,3.80952,-113315,-93096.6,104926
4.84091,4.84091,3.80952,-191936,-267199,88159.3
4.19545,4.19545,3.80952,-240304,-361629,49613.4
3.55,3.55,3.80952,-256584,-391480,1.69687e-06
2.90455,2.90455,3.80952,-240304,-361629,-49613.4
2.25909,2.25909,3.80952,-191936,-267199,-88159.3
1.61364,1.61364,3.80952,-113315,-93096.6,-104926
0.968182,0.968182,3.80952,-8947.69,187502,-90407.7
0.322727,0.322727,3.80952,111729,615949,-38882.3
-0.322727,0.322727,4.7619,127666,685916,19572.3
-0.968182,0.968182,4.7619,5055.59,224535,50418.5
-1.61364,1.61364,4.7619,-101789,-91154,62405.6
-2.25909,2.25909,4.7619,-183604,-293915,54551
-2.90455,2.90455,4.7619,-234662,-406659,31369.1
-3.55,3.55,4.7619,-251986,-442776,-3.63961e-06
-4.19545,4.19545,4.7619,-234662,-406659,-31369.1
-4.84091,4.84091,4.7619,-183604,-293915,-54551
-5.48636,5.48636,4.7619,-101789,-91154,-62405.6
-6.13182,6.13182,4.7619,5055.59,224535,-50418.5
-6.77727,6.77727,4.7619,127666,685916,-19572.3
-6.77727,7.42273,4.7619,127666,685916,19572.3
-6.13182,8.06818,4.7619,5055.59,224535,50418.5
-5.48636,8.71364,4.7619,-101789,-91154,62405.6
-4.84091,9.35909,4.7619,-183604,-293915,54551
-4.19545,10.0045,4.7619,-234662,-406659,31369.1
-3.55,10.65,4.7619,-251986,-442776,5.21541e-08
-2.90455,11.2955,4.7619,-234662,-406659,-31369.1
-2.25909,11.9409,4.7619,-183604,-293915,-54551
-1.61364,12.5864,4.7619,-101789,-91154,-62405.6
-0.968182,13.2318,4.7619,5055.59,224535,-50418.5
-0.322727,13.8773,4.7619,127666,685916,-19572.3
0.322727,13.8773,4.7619,127666,685916,19572.3
0.968182,13.2318,4.7619,5055.59,224535,50418.5
1.61364,12.5864,4.7619,-101789,-91154,62405.6
2.25909,11.9409,4.7619,-183604,-293915,54551
2.90455,11.2955,4.7619,-234662,-406659,31369.1
3.55,10.65,4.7619,-251986,-442776,2.90573e-06
4.19545,10.0045,4.7619,-234662,-406659,-31369.1
4.84091,9.35909,4.7619,-183604,-293915,-54551
5.48636,8.71364,4.7619,-101789,-91154,-62405.6
6.13182,8.06818,4.7619,5055.59,224535,-50418.5
6.77727,7.42273,4.7619,127666,685916,-19572.3
6.77727,6.77727,4.7619,127666,685916,19572.3
6.13182,6.13182,4.7619,5055.59,224535,50418.5
5.48636,5.48636,4.7619,-101789,-91154,62405.6
4.84091,4.84091,4.7619,-183604,-293915,54551
4.19545,4.19545,4.7619,-234662,-406659,31369.1
3.55,3.55,4.7619,-251986,-442776,5.02914e-07
2.90455,2.90455,4.7619,-234662,-406659,-31369.1
2.25909,2.25909,4.7619,-183604,-293915,-54551
1.61364,1.61364,4.7619,-101789,-91154,-62405.6
0.968182,0.968182,4.7619,5055.59,224535,-50418.5
0.322727,0.322727,4.7619,127666,685916,-19572.3
-0.322727,0.322727,5.71429,136296,717816,4349.62
-0.968182,0.968182,5.71429,18534.4,248339,17133.9
-1.61364,1.61364,5.71429,-83413.4,-84043.9,25449
-2.25909,2.25909,5.71429,-161737,-303405,24453
-2.90455,2.90455,5.71429,-210874,-427728,14745.1
-3.55,3.55,5.71429,-227601,-467951,-2.77534e-06
-4.19545,4.19545,5.71429,-210874,-427728,-14745.1
-4.84091,4.84091,5.71429,-161737,-303405,-24453
-5.48636,5.48636,5.71429,-83413.4,-84043.9,-25449
-6.13182,6.13182,5.71429,18534.4,248339,-17133.9
-6.77727,6.77727,5.71429,136296,717816,-4349.62
-6.77727,7.42273,5.71429,136296,717816,4349.62
-6.13182,8.06818,5.71429,18534.4,248339,17133.9
-5.48636,8.71364,5.71429,-83413.4,-84043.9,25449
-4.84091,9.35909,5.71429,-161737,-303405,24453
-4.19545,10.0045,5.71429,-210874,-427728,14745.1
-3.55,10.65,5.71429,-227601,-467951,2.50898e-06
-2.90455,11.2955,5.71429,-210874,-427728,-14745.1
-2.25909,11.9409,5.71429,-161737,-303405,-24453
-1.61364,12.5864,5.71429,-83413.4,-84043.9,-25449
-0.968182,13.2318,5.71429,18534.4,248339,-17133.9
-0.322727,13.8773,5.71429,136296,717816,-4349.62
0.322727,13.8773,5.71429,136296,717816,4349.62
0.968182,13.2318,5.71429,18534.4,248339,17133.9
1.61364,12.5864,5.71429,-83413.4,-84043.9,25449
2.25909,11.9409,5.71429,-161737,-303405,24453
2.90455,11.2955,5.71429,-210874,-427728,14745.1
3.55,10.65,5.71429,-227601,-467951,3.6452e-06
4.19545,10.0045,5.71429,-210874,-427728,-14745.1
4.84091,9.35909,5.71429,-161737,-303405,-24453
5.48636,8.71364,5.71429,-83413.4,-84043.9,-25449
6.13182,8.06818,5.71429,18534.4,248339,-17133.9
6.77727,7.42273,5.71429,136296,717816,-4349.62
6.77727,6.77727,5.71429,136296,717816,4349.62
6.13182,6.13182,5.71429,18534.4,248339,17133.9
5.48636,5.48636,5.71429,-83413.4,-84043.9,25449
4.84091,4.84091,5.71429,-161737,-303405,24453
4.19545,4.19545,5.71429,-210874,-427728,14745.1
3.55,3.55,5.71429,-227601,-467951,1.1418e-06
2.90455,2.90455,5.71429,-210874,-427728,-14745.1
2.25909,2.25909,5.71429,-161737,-303405,-24453
1.61364,1.61364,5.71429,-83413.4,-84043.9,-25449
0.968182,0.968182,5.71429,18534.4,248339,-17133.9
0.322727,0.322727,5.71429,136296,717816,-4349.62
-0.322727,0.322727,6.66667,138711,719670,-6857.31
-0.968182,0.968182,6.66667,29116.8,259518,-8381.21
-1.61364,1.61364,6.66667,-64520.5,-74934.9,-3813.44
-2.25909,2.25909,6.66667,-136174,-300398,62.2004
-2.90455,2.90455,6.66667,-181119,-430100,1087.06
-3.55,3.55,6.66667,-196429,-472388,-1.75089e-06
-4.19545,4.19545,6.66667,-181119,-430100,-1087.06
-4.84091,4.84091,6.66667,-136174,-300398,-62.2004
-5.48636,5.48636,6.66667,-64520.5,-74934.9,3813.44
-6.13182,6.13182,6.66667,29116.8,259518,8381.21
-6.77727,6.77727,6.66667,138711,719670,6857.31
-6.77727,7.42273,6.66667,138711,719670,-6857.31
-6.13182,8.06818,6.66667,29116.8,259518,-8381.21
-5.48636,8.71364,6.66667,-64520.5,-74934.9,-3813.44
-4.84091,9.35909,6.66667,-136174,-300398,62.2004
-4.19545,10.0045,6.66667,-181119,-430100,1087.06
-3.55,10.65,6.66667,-196429,-472388,2.23331e-06
-2.90455,11.2955,6.66667,-181119,-430100,-1087.06
-2.25909,11.9409,6.66667,-136174,-300398,-62.2004
-1.61364,12.5864,6.66667,-64520.5,-74934.9,3813.44
-0.968182,13.2318,6.66667,29116.8,259518,8381.21
-0.322727,13.8773,6.66667,138711,719670,6857.31
0.322727,13.8773,6.66667,138711,719670,-6857.31
0.968182,13.2318,6.66667,29116.8,259518,-8381.21
1.61364,12.5864,6.66667,-64520.5,-74934.9,-3813.44
2.25909,11.9409,6.66667,-136174,-300398,62.2004
2.90455,11.2955,6.66667,-181119,-430100,1087.06
3.55,10.65,6.66667,-196429,-472388,5.49108e-06
4.19545,10.0045,6.66667,-181119,-430100,-1087.06
4.84091,9.35909,6.66667,-136174,-300398,-62.2004
5.48636,8.71364,6.66667,-64520.5,-74934.9,3813.44
6.13182,8.06818,6.66667,29116.8,259518,8381.21
6.77727,7.42273,6.66667,138711,719670,6857.31
6.77727,6.77727,6.66667,138711,719670,-6857.31
6.13182,6.13182,6.66667,29116.8,259518,-8381.21
5.48636,5.48636,6.66667,-64520.5,-74934.9,-3813.44
4.84091,4.84091,6.66667,-136174,-300398,62.2004
4.19545,4.19545,6.66667,-181119,-430100,1087.06
3.55,3.55,6.66667,-196429,-472388,3.27453e-06
2.90455,2.90455,6.66667,-181119,-430100,-1087.06
2.25909,2.25909,6.66667,-136174,-300398,-62.2004
1.61364,1.61364,6.66667,-64520.5,-74934.9,3813.44
0.968182,0.968182,6.66667,29116.8,259518,8381.21
0.322727,0.322727,6.66667,138711,719670,6857.31
-0.322727,0.322727,7.61905,136315,699383,-14670
-0.968182,0.968182,7.61905,36233.2,260126,-26776.6
-1.61364,1.61364,7.61905,-47927.1,-65601.4,-25472.9
-2.25909,2.25909,7.61905,-111808,-288819,-18335.7
-2.90455,2.90455,7.61905,-151735,-418733,-9332.42
-3.55,3.55,7.61905,-165318,-461346,2.35811e-06
-4.19545,4.19545,7.61905,-151735,-418733,9332.42
-4.84091,4.84091,7.61905,-111808,-288819,18335.7
-5.48636,5.48636,7.61905,-47927.1,-65601.4,25472.9
-6.13182,6.13182,7.61905,36233.2,260126,26776.6
-6.77727,6.77727,7.61905,136315,699383,14670
-6.77727,7.42273,7.61905,136315,699383,-14670
-6.13182,8.06818,7.61905,36233.2,260126,-26776.6
-5.48636,8.71364,7.61905,-47927.1,-65601.4,-25472.9
-4.84091,9.35909,7.61905,-111808,-288819,-18335.7
-4.19545,10.0045,7.61905,-151735,-418733,-9332.42
-3.55,10.65,7.61905,-165318,-461346,1.97999e-06
-2.90455,11.2955,7.61905,-151735,-418733,9332.42
-2.25909,11.9409,7.61905,-111808,-288819,18335.7
-1.61364,12.5864,7.61905,-47927.1,-65601.4,25472.9
-0.968182,13.2318,7.61905,36233.2,260126,26776.6
-0.322727,13.8773,7.61905,136315,699383,14670
0.322727,13.8773,7.61905,136315,699383,-14670
0.968182,13.2318,7.61905,36233.2,260126,-26776.6
1.61364,12.5864,7.61905,-47927.1,-65601.4,-25472.9
2.25909,11.9409,7.61905,-111808,-288819,-18335.7
2.90455,11.2955,7.61905,-151735,-418733,-9332.42
3.55,10.65,7.61905,-165318,-461346,4.01214e-06
4.19545,10.0045,7.61905,-151735,-418733,9332.42
4.84091,9.35909,7.61905,-111808,-288819,18335.7
5.48636,8.71364,7.61905,-47927.1,-65601.4,25472.9
6.13182,8.06818,7.61905,36233.2,260126,26776.6
6.77727,7.42273,7.61905,136315,699383,14670
6.77727,6.77727,7.61905,136315,699383,-14670
6.13182,6.13182,7.61905,36233.2,260126,-26776.6
5.48636,5.48636,7.61905,-47927.1,-65601.4,-25472.9
4.84091,4.84091,7.61905,-111808,-288819,-18335.7
4.19545,4.19545,7.61905,-151735,-418733,-9332.42
3.55,3.55,7.61905,-165318,-461346,1.78814e-07
2.90455,2.90455,7.61905,-151735,-418733,9332.42
2.25909,2.25909,7.61905,-111808,-288819,18335.7
1.61364,1.61364,7.61905,-47927.1,-65601.4,25472.9
0.968182,0.968182,7.61905,36233.2,260126,26776.6
0.322727,0.322727,7.61905,136315,699383,14670
-0.322727,0.322727,8.57143,130433,663669,-19841.7
-0.968182,0.968182,8.57143,40159,252606,-39333.5
-1.61364,1.61364,8.57143,-34514.6,-56878.8,-40604
-2.25909,2.25909,8.57143,-90616.5,-271658,-31399.8
-2.90455,2.90455,8.57143,-125482,-397793,-16803.6
-3.55,3.55,8.57143,-137315,-439362,-2.77534e-07
-4.19545,4.19545,8.57143,-125482,-397793,16803.6
-4.84091,4.84091,8.57143,-90616.5,-271658,31399.8
-5.48636,5.48636,8.57143,-34514.6,-56878.8,40604
-6.13182,6.13182,8.57143,40159,252606,39333.5
-6.77727,6.77727,8.57143,130433,663669,19841.7
-6.77727,7.42273,8.57143,130433,663669,-19841.7
-6.13182,8.06818,8.57143,40159,252606,-39333.5
-5.48636,8.71364,8.57143,-34514.6,-56878.8,-40604
-4.84091,9.35909,8.57143,-90616.5,-271658,-31399.8
-4.19545,10.0045,8.57143,-125482,-397793,-16803.6
-3.55,10.65,8.57143,-137315,-439362,3.8296e-06
-2.90455,11.2955,8.57143,-125482,-397793,16803.6
-2.25909,11.9409,8.57143,-90616.5,-271658,31399.8
-1.61364,12.5864,8.57143,-34514.6,-56878.8,40604
-0.968182,13.2318,8.57143,40159,252606,39333.5
-0.322727,13.8773,8.57143,130433,663669,19841.7
0.322727,13.8773,8.57143,130433,663669,-19841.7
0.968182,13.2318,8.57143,40159,252606,-39333.5
1.61364,12.5864,8.57143,-34514.6,-56878.8,-40604
2.25909,11.9409,8.57143,-90616.5,-271658,-31399.8
2.90455,11.2955,8.57143,-125482,-397793,-16803.6
3.55,10.65,8.57143,-137315,-439362,2.81632e-06
4.19545,10.0045,8.57143,-125482,-397793,16803.6
4.84091,9.35909,8.57143,-90616.5,-271658,31399.8
5.48636,8.71364,8.57143,-34514.6,-56878.8,40604
6.13182,8.06818,8.57143,40159,252606,39333.5
6.77727,7.42273,8.57143,130433,663669,19841.7
6.77727,6.77727,8.57143,130433,663669,-19841.7
6.13182,6.13182,8.57143,40159,252606,-39333.5
5.48636,5.48636,8.57143,-34514.6,-56878.8,-40604
4.84091,4.84091,8.57143,-90616.5,-271658,-31399.8
4.19545,4.19545,8.57143,-125482,-397793,-16803.6
3.55,3.55,8.57143,-137315,-439362,2.05636e-06
2.90455,2.90455,8.57143,-125482,-397793,16803.6
2.25909,2.25909,8.57143,-90616.5,-271658,31399.8
1.61364,1.61364,8.57143,-34514.6,-56878.8,40604
0.968182,0.968182,8.57143,40159,252606,39333.5
0.322727,0.322727,8.57143,130433,663669,19841.7
-0.322727,0.322727,9.52381,122171,617782,-23066.6
-0.968182,0.968182,9.52381,41503.1,239248,-47410
-1.61364,1.61364,9.52381,-24177.1,-49042,-50555.6
-2.25909,2.25909,9.52381,-72976.7,-251063,-40124.3
-2.90455,2.90455,9.52381,-103098,-370540,-21838.1
-3.55,3.55,9.52381,-113287,-410058,-5.25266e-07
-4.19545,4.19545,9.52381,-103098,-370540,21838.1
-4.84091,4.84091,9.52381,-72976.7,-251063,40124.3
-5.48636,5.48636,9.52381,-24177.1,-49042,50555.6
-6.13182,6.13182,9.52381,41503.1,239248,47410
-6.77727,6.77727,9.52381,122171,617782,23066.6
-6.77727,7.42273,9.52381,122171,617782,-23066.6
-6.13182,8.06818,9.52381,41503.1,239248,-47410
-5.48636,8.71364,9.52381,-24177.1,-49042,-50555.6
-4.84091,9.35909,9.52381,-72976.7,-251063,-40124.3
-4.19545,10.0045,9.52381,-103098,-370540,-21838.1
-3.55,10.65,9.52381,-113287,-410058,4.37722e-06
-2.90455,11.2955,9.52381,-103098,-370540,21838.1
-2.25909,11.9409,9.52381,-72976.7,-251063,40124.3
-1.61364,12.5864,9.52381,-24177.1,-49042.1,50555.6
-0.968182,13.2318,9.52381,41503.1,239248,47410
-0.322727,13.8773,9.52381,122171,617782,23066.6
0.322727,13.8773,9.52381,122171,617782,-23066.6
0.968182,13.2318,9.52381,41503.1,239248,-47410
1.61364,12.5864,9.52381,-24177.1,-49042,-50555.6
2.25909,11.9409,9.52381,-72976.7,-251063,-40124.3
2.90455,11.2955,9.52381,-103098,-370540,-21838.1
3.55,10.65,9.52381,-113287,-410058,5.06639e-07
4.19545,10.0045,9.52381,-103098,-370540,21838.1
4.84091,9.35909,9.52381,-72976.7,-251063,40124.3
5.48636,8.71364,9.52381,-24177.1,-49042,50555.6
6.13182,8.06818,9.52381,41503.1,239248,47410
6.77727,7.42273,9.52381,122171,617782,23066.6
6.77727,6.77727,9.52381,122171,617782,-23066.6
6.13182,6.13182,9.52381,41503.1,239248,-47410
5.48636,5.48636,9.52381,-24177.1,-49042,-50555.6
4.84091,4.84091,9.52381,-72976.7,-251063,-40124.3
4.19545,4.19545,9.52381,-103098,-370540,-21838.1
3.55,3.55,9.52381,-113287,-410058,7.97212e-07
2.90455,2.90455,9.52381,-103098,-370540,21838.1
2.25909,2.25909,9.52381,-72976.7,-251063,40124.3
1.61364,1.61364,9.52381,-24177.1,-49042.1,50555.6
0.968182,0.968182,9.52381,41503.1,239248,47410
0.322727,0.322727,9.52381,122171,617782,23066.6
-0.322727,0.322727,10.4762,112390,565630,-24903.7
-0.968182,0.968182,10.4762,40946.5,221986,-52182.9
-1.61364,1.61364,10.4762,-16370.5,-42067.2,-56585
-2.25909,2.25909,10.4762,-58478.1,-228517,-45498.1
-2.90455,2.90455,10.4762,-84276.3,-339397,-24968.7
-3.55,3.55,10.4762,-92971.3,-376179,-5.36256e-06
-4.19545,4.19545,10.4762,-84276.3,-339397,24968.7
-4.84091,4.84091,10.4762,-58478.1,-228517,45498.1
-5.48636,5.48636,10.4762,-16370.5,-42067.2,56585
-6.13182,6.13182,10.4762,40946.5,221986,52182.9
-6.77727,6.77727,10.4762,112390,565630,24903.7
-6.77727,7.42273,10.4762,112390,565630,-24903.7
-6.13182,8.06818,10.4762,40946.5,221986,-52182.9
-5.48636,8.71364,10.4762,-16370.5,-42067.2,-56585
-4.84091,9.35909,10.4762,-58478.1,-228517,-45498.1
-4.19545,10.0045,10.4762,-84276.3,-339397,-24968.7
-3.55,10.65,10.4762,-92971.3,-376179,-5.23403e-07
-2.90455,11.2955,10.4762,-84276.3,-339397,24968.7
-2.25909,11.9409,10.4762,-58478.1,-228517,45498.1
-1.61364,12.5864,10.4762,-16370.5,-42067.2,56585
-0.968182,13.2318,10.4762,40946.5,221986,52182.9
-0.322727,13.8773,10.4762,112390,565630,24903.7
0.322727,13.8773,10.4762,112390,565630,-24903.7
0.968182,13.2318,10.4762,40946.5,221986,-52182.9
1.61364,12.5864,10.4762,-16370.5,-42067.2,-56585
2.25909,11.9409,10.4762,-58478.1,-228517,-45498.1
2.90455,11.2955,10.4762,-84276.3,-339397,-24968.7
3.55,10.65,10.4762,-92971.3,-376179,-1.03936e-06
4.19545,10.0045,10.4762,-84276.3,-339397,24968.7
4.84091,9.35909,10.4762,-58478.1,-228517,45498.1
5.48636,8.71364,10.4762,-16370.5,-42067.2,56585
6.13182,8.06818,10.4762,40946.5,221986,52182.9
6.77727,7.42273,10.4762,112390,565630,24903.7
6.77727,6.77727,10.4762,112390,565630,-24903.7
6.13182,6.13182,10.4762,40946.5,221986,-52182.9
5.48636,5.48636,10.4762,-16370.5,-42067.2,-56585
4.84091,4.84091,10.4762,-58478.1,-228517,-45498.1
4.19545,4.19545,10.4762,-84276.3,-339397,-24968.7
3.55,3.55,10.4762,-92971.3,-376179,4.28408e-07
2.90455,2.90455,10.4762,-84276.3,-339397,24968.7
2.25909,2.25909,10.4762,-58478.1,-228517,45498.1
1.61364,1.61364,10.4762,-16370.5,-42067.2,56585
0.968182,0.968182,10.4762,40946.5,221986,52182.9
0.322727,0.322727,10.4762,112390,565630,24903.7
-0.322727,0.322727,11.4286,101739,510049,-25759.6
-0.968182,0.968182,11.4286,39121.9,202359,-54552.1
-1.61364,1.61364,11.4286,-10416.1,-35796.2,-59699.5
-2.25909,2.25909,11.4286,-46398,-205022,-48344.3
-2.90455,2.90455,11.4286,-68271.6,-306124,-26650
-3.55,3.55,11.4286,-75614.9,-339743,-5.07105e-06
-4.19545,4.19545,11.4286,-68271.6,-306124,26650
-4.84091,4.84091,11.4286,-46398,-205022,48344.3
-5.48636,5.48636,11.4286,-10416.1,-35796.2,59699.5
-6.13182,6.13182,11.4286,39121.9,202359,54552.1
-6.77727,6.77727,11.4286,101739,510049,25759.6
-6.77727,7.42273,11.4286,101739,510049,-25759.6
-6.13182,8.06818,11.4286,39121.9,202359,-54552.1
-5.48636,8.71364,11.4286,-10416.1,-35796.2,-59699.5
-4.84091,9.35909,11.4286,-46398,-205022,-48344.3
-4.19545,10.0045,11.4286,-68271.6,-306124,-26650
-3.55,10.65,11.4286,-75614.9,-339743,2.66358e-07
-2.90455,11.2955,11.4286,-68271.6,-306124,26650
-2.25909,11.9409,11.4286,-46398,-205022,48344.3
-1.61364,12.5864,11.4286,-10416.1,-35796.2,59699.5
-0.968182,13.2318,11.4286,39121.9,202359,54552.1
-0.322727,13.8773,11.4286,101739,510049,25759.6
0.322727,13.8773,11.4286,101739,510049,-25759.6
0.968182,13.2318,11.4286,39121.9,202359,-54552.1
1.61364,12.5864,11.4286,-10416.1,-35796.2,-59699.5
2.25909,11.9409,11.4286,-46398,-205022,-48344.3
2.90455,11.2955,11.4286,-68271.6,-306124,-26650
3.55,10.65,11.4286,-75614.9,-339743,5.53206e-07
4.19545,10.0045,11.4286,-68271.6,-306124,26650
4.84091,9.35909,11.4286,-46398,-205022,48344.3
5.48636,8.71364,11.4286,-10416.1,-35796.2,59699.5
6.13182,8.06818,11.4286,39121.9,202359,54552.1
6.77727,7.42273,11.4286,101739,510049,25759.6
6.77727,6.77727,11.4286,101739,510049,-25759.6
6.13182,6.13182,11.4286,39121.9,202359,-54552.1
5.48636,5.48636,11.4286,-10416.1,-35796.2,-59699.5
4.84091,4.84091,11.4286,-46398,-205022,-48344.3
4.19545,4.19545,11.4286,-68271.6,-306124,-26650
3.55,3.55,11.4286,-75614.9,-339743,-1.45845e-06
2.90455,2.90455,11.4286,-68271.6,-306124,26650
2.25909,2.25909,11.4286,-46398,-205022,48344.3
1.61364,1.61364,11.4286,-10416.1,-35796.2,59699.5
0.968182,0.968182,11.4286,39121.9,202359,54552.1
0.322727,0.322727,11.4286,101739,510049,25759.6
-0.322727,0.322727,12.381,90703.5,453101,-25898
-0.968182,0.968182,12.381,36568.1,181565,-55131.8
-1.61364,1.61364,12.381,-5659.21,-30034.4,-60615.1
-2.25909,2.25909,12.381,-35969.2,-181266,-49266
-2.90455,2.90455,12.381,-54240.9,-272000,-27221.8
-3.55,3.55,12.381,-60348.5,-302239,-4.81028e-06
-4.19545,4.19545,12.381,-54240.9,-272000,27221.8
-4.84091,4.84091,12.381,-35969.2,-181266,49266
-5.48636,5.48636,12.381,-5659.21,-30034.4,60615.1
-6.13182,6.13182,12.381,36568.1,181565,55131.8
-6.77727,6.77727,12.381,90703.5,453101,25898
-6.77727,7.42273,12.381,90703.5,453101,-25898
-6.13182,8.06818,12.381,36568.1,181565,-55131.8
-5.48636,8.71364,12.381,-5659.21,-30034.4,-60615.1
-4.84091,9.35909,12.381,-35969.2,-181266,-49266
-4.19545,10.0045,12.381,-54240.9,-272000,-27221.8
-3.55,10.65,12.381,-60348.5,-302239,-3.13018e-06
-2.90455,11.2955,12.381,-54240.9,-272000,27221.8
-2.25909,11.9409,12.381,-35969.2,-181266,49266
-1.61364,12.5864,12.381,-5659.21,-30034.4,60615.1
-0.968182,13.2318,12.381,36568.1,181565,55131.8
-0.322727,13.8773,12.381,90703.5,453101,25898
0.322727,13.8773,12.381,90703.5,453101,-25898
0.968182,13.2318,12.381,36568.1,181565,-55131.8
1.61364,12.5864,12.381,-5659.21,-30034.4,-60615.1
2.25909,11.9409,12.381,-35969.2,-181266,-49266
2.90455,11.2955,12.381,-54240.9,-272000,-27221.8
3.55,10.65,12.381,-60348.5,-302239,-2.10851e-06
4.19545,10.0045,12.381,-54240.9,-272000,27221.8
4.84091,9.35909,12.381,-35969.2,-181266,49266
5.48636,8.71364,12.381,-5659.21,-30034.4,60615.1
6.13182,8.06818,12.381,36568.1,181565,55131.8
6.77727,7.42273,12.381,90703.5,453101,25898
6.77727,6.77727,12.381,90703.5,453101,-25898
6.13182,6.13182,12.381,36568.1,181565,-55131.8
5.48636,5.48636,12.381,-5659.21,-30034.4,-60615.1
4.84091,4.84091,12.381,-35969.2,-181266,-49266
4.19545,4.19545,12.381,-54240.9,-272000,-27221.8
3.55,3.55,12.381,-60348.5,-302239,-3.30247e-06
2.90455,2.90455,12.381,-54240.9,-272000,27221.8
2.25909,2.25909,12.381,-35969.2,-181266,49266
1.61364,1.61364,12.381,-5659.21,-30034.4,60615.1
0.968182,0.968182,12.381,36568.1,181565,55131.8
0.322727,0.322727,12.381,90703.5,453101,25898
-0.322727,0.322727,13.3333,79658.3,396367,-25461.7
-0.968182,0.968182,13.3333,33719,160543,-54283.2
-1.61364,1.61364,13.3333,-1553.05,-24608.7,-59778.9
-2.25909,2.25909,13.3333,-26532.5,-157763,-48654.2
-2.90455,2.90455,13.3333,-41445.2,-238005,-26908.6
-3.55,3.55,13.3333,-46404.6,-264809,-3.35742e-06
-4.19545,4.19545,13.3333,-41445.2,-238005,26908.6
-4.84091,4.84091,13.3333,-26532.5,-157763,48654.2
-5.48636,5.48636,13.3333,-1553.05,-24608.7,59778.9
-6.13182,6.13182,13.3333,33719,160543,54283.2
-6.77727,6.77727,13.3333,79658.3,396367,25461.7
-6.77727,7.42273,13.3333,79658.3,396367,-25461.7
-6.13182,8.06818,13.3333,33719,160543,-54283.2
-5.48636,8.71364,13.3333,-1553.05,-24608.7,-59778.9
-4.84091,9.35909,13.3333,-26532.5,-157763,-48654.2
-4.19545,10.0045,13.3333,-41445.2,-238005,-26908.6
-3.55,10.65,13.3333,-46404.6,-264809,-2.95509e-06
-2.90455,11.2955,13.3333,-41445.2,-238005,26908.6
-2.25909,11.9409,13.3333,-26532.5,-157763,48654.2
-1.61364,12.5864,13.3333,-1553.05,-24608.7,59778.9
-0.968182,13.2318,13.3333,33719,160543,54283.2
-0.322727,13.8773,13.3333,79658.3,396367,25461.7
0.322727,13.8773,13.3333,79658.3,396367,-25461.7
0.968182,13.2318,13.3333,33719,160543,-54283.2
1.61364,12.5864,13.3333,-1553.05,-24608.7,-59778.9
2.25909,11.9409,13.3333,-26532.5,-157763,-48654.2
2.90455,11.2955,13.3333,-41445.2,-238005,-26908.6
3.55,10.65,13.3333,-46404.6,-264809,-4.3055e-06
4.19545,10.0045,13.3333,-41445.2,-238005,26908.6
4.84091,9.35909,13.3333,-26532.5,-157763,48654.2
5.48636,8.71364,13.3333,-1553.05,-24608.7,59778.9
6.13182,8.06818,13.3333,33719,160543,54283.2
6.77727,7.42273,13.3333,79658.3,396367,25461.7
6.77727,6.77727,13.3333,79658.3,396367,-25461.7
6.13182,6.13182,13.3333,33719,160543,-54283.2
5.48636,5.48636,13.3333,-1553.05,-24608.7,-59778.9
4.84091,4.84091,13.3333,-26532.5,-157763,-48654.2
4.19545,4.19545,13.3333,-41445.2,-238005,-26908.6
3.55,3.55,13.3333,-46404.6,-264809,-4.90062e-06
2.90455,2.90455,13.3333,-41445.2,-238005,26908.6
2.25909,2.25909,13.3333,-26532.5,-157763,48654.2
1.61364,1.61364,13.3333,-1553.05,-24608.7,59778.9
0.968182,0.968182,13.3333,33719,160543,54283.2
0.322727,0.322727,13.3333,79658.3,396367,25461.7
-0.322727,0.322727,14.2857,68912.8,341174,-24498.7
-0.968182,0.968182,14.2857,30896.1,140047,-52173.9
-1.61364,1.61364,14.2857,2280.17,-19403.2,-57427.4
-2.25909,2.25909,14.2857,-17641.7,-134955,-46726.8
-2.90455,2.90455,14.2857,-29382.1,-204966,-25837.2
-3.55,3.55,14.2857,-33259.2,-228419,-3.24845e-06
-4.19545,4.19545,14.2857,-29382.1,-204966,25837.2
-4.84091,4.84091,14.2857,-17641.7,-134955,46726.8
-5.48636,5.48636,14.2857,2280.17,-19403.2,57427.4
-6.13182,6.13182,14.2857,30896.1,140047,52173.9
-6.77727,6.77727,14.2857,68912.8,341174,24498.7
-6.77727,7.42273,14.2857,68912.8,341174,-24498.7
-6.13182,8.06818,14.2857,30896.1,140047,-52173.9
-5.48636,8.71364,14.2857,2280.17,-19403.2,-57427.4
-4.84091,9.35909,14.2857,-17641.7,-134955,-46726.8
-4.19545,10.0045,14.2857,-29382.1,-204966,-25837.2
-3.55,10.65,14.2857,-33259.2,-228419,-1.92225e-06
-2.90455,11.2955,14.2857,-29382.1,-204966,25837.2
-2.25909,11.9409,14.2857,-17641.7,-134955,46726.8
-1.61364,12.5864,14.2857,2280.17,-19403.2,57427.4
-0.968182,13.2318,14.2857,30896.1,140047,52173.9
-0.322727,13.8773,14.2857,68912.8,341174,24498.7
0.322727,13.8773,14.2857,68912.8,341174,-24498.7
0.968182,13.2318,14.2857,30896.1,140047,-52173.9
1.61364,12.5864,14.2857,2280.17,-19403.2,-57427.4
2.25909,11.9409,14.2857,-17641.7,-134955,-46726.8
2.90455,11.2955,14.2857,-29382.1,-204966,-25837.2
3.55,10.65,14.2857,-33259.2,-228419,-4.63054e-06
4.19545,10.0045,14.2857,-29382.1,-204966,25837.2
4.84091,9.35909,14.2857,-17641.7,-134955,46726.8
5.48636,8.71364,14.2857,2280.17,-19403.2,57427.4
6.13182,8.06818,14.2857,30896.1,140047,52173.9
6.77727,7.42273,14.2857,68912.8,341174,24498.7
6.77727,6.77727,14.2857,68912.8,341174,-24498.7
6.13182,6.13182,14.2857,30896.1,140047,-52173.9
5.48636,5.48636,14.2857,2280.17,-19403.2,-57427.4
4.84091,4.84091,14.2857,-17641.7,-134955,-46726.8
4.19545,4.19545,14.2857,-29382.1,-204966,-25837.2
3.55,3.55,14.2857,-33259.2,-228419,-3.57255e-06
2.90455,2.90455,14.2857,-29382.1,-204966,25837.2
2.25909,2.25909,14.2857,-17641.7,-134955,46726.8
1.61364,1.61364,14.2857,2280.17,-19403.2,57427.4
0.968182,0.968182,14.2857,30896.1,140047,52173.9
0.322727,0.322727,14.2857,68912.8,341174,24498.7
-0.322727,0.322727,15.2381,58720.7,288752,-23005.1
-0.968182,0.968182,15.2381,28274,120685,-48866
-1.61364,1.61364,15.2381,5964.28,-14375.8,-53675.6
-2.25909,2.25909,15.2381,-9175.19,-113288,-43581.2
-2.90455,2.90455,15.2381,-17906,-173678,-24057.9
-3.55,3.55,15.2381,-20753.1,-193990,-1.05146e-06
-4.19545,4.19545,15.2381,-17906,-173678,24057.9
-4.84091,4.84091,15.2381,-9175.19,-113288,43581.2
-5.48636,5.48636,15.2381,5964.28,-14375.8,53675.6
-6.13182,6.13182,15.2381,28274,120685,48866
-6.77727,6.77727,15.2381,58720.7,288752,23005.1
-6.77727,7.42273,15.2381,58720.7,288752,-23005.1
-6.13182,8.06818,15.2381,28274,120685,-48866
-5.48636,8.71364,15.2381,5964.28,-14375.8,-53675.6
-4.84091,9.35909,15.2381,-9175.19,-113288,-43581.2
-4.19545,10.0045,15.2381,-17906,-173678,-24057.9
-3.55,10.65,15.2381,-20753.1,-193990,-1.03097e-06
-2.90455,11.2955,15.2381,-17906,-173678,24057.9
-2.25909,11.9409,15.2381,-9175.19,-113288,43581.2
-1.61364,12.5864,15.2381,5964.28,-14375.8,53675.6
-0.968182,13.2318,15.2381,28274,120685,48866
-0.322727,13.8773,15.2381,58720.7,288752,23005.1
0.322727,13.8773,15.2381,58720.7,288752,-23005.1
0.968182,13.2318,15.2381,28274,120685,-48866
1.61364,12.5864,15.2381,5964.28,-14375.8,-53675.6
2.25909,11.9409,15.2381,-9175.19,-113288,-43581.2
2.90455,11.2955,15.2381,-17906,-173678,-24057.9
3.55,10.65,15.2381,-20753.1,-193990,-1.68476e-06
4.19545,10.0045,15.2381,-17906,-173678,24057.9
4.84091,9.35909,15.2381,-9175.19,-113288,43581.2
5.48636,8.71364,15.2381,5964.28,-14375.8,53675.6
6.13182,8.06818,15.2381,28274,120685,48866
6.77727,7.42273,15.2381,58720.7,288752,23005.1
6.77727,6.77727,15.2381,58720.7,288752,-23005.1
6.13182,6.13182,15.2381,28274,120685,-48866
5.48636,5.48636,15.2381,5964.28,-14375.8,-53675.6
4.84091,4.84091,15.2381,-9175.19,-113288,-43581.2
4.19545,4.19545,15.2381,-17906,-173678,-24057.9
3.55,3.55,15.2381,-20753.1,-193990,-2.69618e-06
2.90455,2.90455,15.2381,-17906,-173678,24057.9
2.25909,2.25909,15.2381,-9175.19,-113288,43581.2
1.61364,1.61364,15.2381,5964.28,-14375.8,53675.6
0.968182,0.968182,15.2381,28274,120685,48866
0.322727,0.322727,15.2381,58720.7,288752,23005.1
-0.322727,0.322727,16.1905,49315.6,240259,-20962.4
-0.968182,0.968182,16.1905,25763.2,102936,-44477.7
-1.61364,1.61364,16.1905,9203.44,-9520.73,-48619.3
-2.25909,2.25909,16.1905,-1486,-93243.8,-39228.8
-2.90455,2.90455,16.1905,-7365.52,-145004,-21556.2
-3.55,3.55,16.1905,-9228.86,-162527,-1.3588e-06
-4.19545,4.19545,16.1905,-7365.52,-145004,21556.2
-4.84091,4.84091,16.1905,-1486,-93243.8,39228.8
-5.48636,5.48636,16.1905,9203.44,-9520.73,48619.3
-6.13182,6.13182,16.1905,25763.2,102936,44477.7
-6.77727,6.77727,16.1905,49315.6,240259,20962.4
-6.77727,7.42273,16.1905,49315.6,240259,-20962.4
-6.13182,8.06818,16.1905,25763.2,102936,-44477.7
-5.48636,8.71364,16.1905,9203.44,-9520.73,-48619.3
-4.84091,9.35909,16.1905,-1486,-93243.8,-39228.8
-4.19545,10.0045,16.1905,-7365.52,-145004,-21556.2
-3.55,10.65,16.1905,-9228.86,-162527,-1.67638e-08
-2.90455,11.2955,16.1905,-7365.52,-145004,21556.2
-2.25909,11.9409,16.1905,-1486,-93243.8,39228.8
-1.61364,12.5864,16.1905,9203.44,-9520.73,48619.3
-0.968182,13.2318,16.1905,25763.2,102936,44477.7
-0.322727,13.8773,16.1905,49315.6,240259,20962.4
0.322727,13.8773,16.1905,49315.6,240259,-20962.4
0.968182,13.2318,16.1905,25763.2,102936,-44477.7
1.61364,12.5864,16.1905,9203.44,-9520.73,-48619.3
2.25909,11.9409,16.1905,-1486,-93243.8,-39228.8
2.90455,11.2955,16.1905,-7365.52,-145004,-21556.2
3.55,10.65,16.1905,-9228.86,-162527,-1.234e-06
4.19545,10.0045,16.1905,-7365.52,-145004,21556.2
4.84091,9.35909,16.1905,-1486,-93243.8,39228.8
5.48636,8.71364,16.1905,9203.44,-9520.73,48619.3
6.13182,8.06818,16.1905,25763.2,102936,44477.7
6.77727,7.42273,16.1905,49315.6,240259,20962.4
6.77727,6.77727,16.1905,49315.6,240259,-20962.4
6.13182,6.13182,16.1905,25763.2,102936,-44477.7
5.48636,5.48636,16.1905,9203.44,-9520.73,-48619.3
4.84091,4.84091,16.1905,-1486,-93243.8,-39228.8
4.19545,4.19545,16.1905,-7365.52,-145004,-21556.2
3.55,3.55,16.1905,-9228.86,-162527,-2.2985e-06
2.90455,2.90455,16.1905,-7365.52,-145004,21556.2
2.25909,2.25909,16.1905,-1486,-93243.8,39228.8
1.61364,1.61364,16.1905,9203.44,-9520.73,48619.3
0.968182,0.968182,16.1905,25763.2,102936,44477.7
0.322727,0.322727,16.1905,49315.6,240259,20962.4
-0.322727,0.322727,17.1429,40395.2,196445,-18668.4
-0.968182,0.968182,17.1429,22668.6,87194.7,-39463.7
-1.61364,1.61364,17.1429,11041.1,-4712.66,-42360.9
-2.25909,2.25909,17.1429,4428.34,-75364.3,-33582.8
-2.90455,2.90455,17.1429,1222.37,-119973,-18264.8
-3.55,3.55,17.1429,279.046,-135222,-9.62988e-07
-4.19545,4.19545,17.1429,1222.37,-119973,18264.8
-4.84091,4.84091,17.1429,4428.34,-75364.3,33582.8
-5.48636,5.48636,17.1429,11041.1,-4712.66,42360.9
-6.13182,6.13182,17.1429,22668.6,87194.7,39463.7
-6.77727,6.77727,17.1429,40395.2,196445,18668.4
-6.77727,7.42273,17.1429,40395.2,196445,-18668.4
-6.13182,8.06818,17.1429,22668.6,87194.7,-39463.7
-5.48636,8.71364,17.1429,11041.1,-4712.66,-42360.9
-4.84091,9.35909,17.1429,4428.34,-75364.3,-33582.8
-4.19545,10.0045,17.1429,1222.37,-119973,-18264.8
-3.55,10.65,17.1429,279.046,-135222,-3.91155e-07
-2.90455,11.2955,17.1429,1222.37,-119973,18264.8
-2.25909,11.9409,17.1429,4428.34,-75364.3,33582.8
-1.61364,12.5864,17.1429,11041.1,-4712.66,42360.9
-0.968182,13.2318,17.1429,22668.6,87194.7,39463.7
-0.322727,13.8773,17.1429,40395.2,196445,18668.4
0.322727,13.8773,17.1429,40395.2,196445,-18668.4
0.968182,13.2318,17.1429,22668.6,87194.7,-39463.7
1.61364,12.5864,17.1429,11041.1,-4712.66,-42360.9
2.25909,11.9409,17.1429,4428.34,-75364.3,-33582.8
2.90455,11.2955,17.1429,1222.37,-119973,-18264.8
3.55,10.65,17.1429,279.046,-135222,-6.52391e-07
4.19545,10.0045,17.1429,1222.37,-119973,18264.8
4.84091,9.35909,17.1429,4428.34,-75364.3,33582.8
5.48636,8.71364,17.1429,11041.1,-4712.66,42360.9
6.13182,8.06818,17.1429,22668.6,87194.7,39463.7
6.77727,7.42273,17.1429,40395.2,196445,18668.4
6.77727,6.77727,17.1429,40395.2,196445,-18668.4
6.13182,6.13182,17.1429,22668.6,87194.7,-39463.7
5.48636,5.48636,17.1429,11041.1,-4712.66,-42360.9
4.84091,4.84091,17.1429,4428.34,-75364.3,-33582.8
4.19545,4.19545,17.1429,1222.37,-119973,-18264.8
3.55,3.55,17.1429,279.046,-135222,-2.33948e-06
2.90455,2.90455,17.1429,1222.37,-119973,18264.8
2.25909,2.25909,17.1429,4428.34,-75364.3,33582.8
1.61364,1.61364,17.1429,11041.1,-4712.66,42360.9
0.968182,0.968182,17.1429,22668.6,87194.7,39463.7
0.322727,0.322727,17.1429,40395.2,196445,18668.4
-0.322727,0.322727,18.0952,31864.7,156623,-16762.8
-0.968182,0.968182,18.0952,17078.2,74860.1,-34843.5
-1.61364,1.61364,18.0952,9749.7,411.275,-34673.4
-2.25909,2.25909,18.0952,6862.12,-60406.7,-26472.4
-2.90455,2.90455,18.0952,5899.29,-99873.6,-14160.5
-3.55,3.55,18.0952,5687.43,-113508,-1.23261e-06
-4.19545,4.19545,18.0952,5899.29,-99873.6,14160.5
-4.84091,4.84091,18.0952,6862.12,-60406.7,26472.4
-5.48636,5.48636,18.0952,9749.7,411.275,34673.4
-6.13182,6.13182,18.0952,17078.2,74860.1,34843.5
-6.77727,6.77727,18.0952,31864.7,156623,16762.8
-6.77727,7.42273,18.0952,31864.7,156623,-16762.8
-6.13182,8.06818,18.0952,17078.2,74860.1,-34843.5
-5.48636,8.71364,18.0952,9749.7,411.275,-34673.4
-4.84091,9.35909,18.0952,6862.12,-60406.7,-26472.4
-4.19545,10.0045,18.0952,5899.29,-99873.6,-14160.5
-3.55,10.65,18.0952,5687.43,-113508,5.54137e-08
-2.90455,11.2955,18.0952,5899.29,-99873.6,14160.5
-2.25909,11.9409,18.0952,6862.12,-60406.7,26472.4
-1.61364,12.5864,18.0952,9749.7,411.275,34673.4
-0.968182,13.2318,18.0952,17078.2,74860.1,34843.5
-0.322727,13.8773,18.0952,31864.7,156623,16762.8
0.322727,13.8773,18.0952,31864.7,156623,-16762.8
0.968182,13.2318,18.0952,17078.2,74860.1,-34843.5
1.61364,12.5864,18.0952,9749.7,411.275,-34673.4
2.25909,11.9409,18.0952,6862.12,-60406.7,-26472.4
2.90455,11.2955,18.0952,5899.29,-99873.6,-14160.5
3.55,10.65,18.0952,5687.43,-113508,-6.89179e-08
4.19545,10.0045,18.0952,5899.29,-99873.6,14160.5
4.84091,9.35909,18.0952,6862.12,-60406.7,26472.4
5.48636,8.71364,18.0952,9749.7,411.275,34673.4
6.13182,8.06818,18.0952,17078.2,74860.1,34843.5
6.77727,7.42273,18.0952,31864.7,156623,16762.8
6.77727,6.77727,18.0952,31864.7,156623,-16762.8
6.13182,6.13182,18.0952,17078.2,74860.1,-34843.5
5.48636,5.48636,18.0952,9749.7,411.275,-34673.4
4.84091,4.84091,18.0952,6862.12,-60406.7,-26472.4
4.19545,4.19545,18.0952,5899.29,-99873.6,-14160.5
3.55,3.55,18.0952,5687.43,-113508,-5.97909e-07
2.90455,2.90455,18.0952,5899.29,-99873.6,14160.5
2.25909,2.25909,18.0952,6862.12,-60406.7,26472.4
1.61364,1.61364,18.0952,9749.7,411.275,34673.4
0.968182,0.968182,18.0952,17078.2,74860.1,34843.5
0.322727,0.322727,18.0952,31864.7,156623,16762.8
-0.322727,0.322727,19.0476,14407.8,116879,-24477
-0.968182,0.968182,19.0476,7074.24,69332.4,-28987.5
-1.61364,1.61364,19.0476,3920.14,5748.95,-25087.6
-2.25909,2.25909,19.0476,3199.62,-49612.2,-18259.3
-2.90455,2.90455,19.0476,3117.09,-86218.4,-9593.67
-3.55,3.55,19.0476,3133.18,-98945.2,-1.1106e-06
-4.19545,4.19545,19.0476,3117.09,-86218.4,9593.67
-4.84091,4.84091,19.0476,3199.62,-49612.2,18259.3
-5.48636,5.48636,19.0476,3920.14,5748.95,25087.6
-6.13182,6.13182,19.0476,7074.24,69332.4,28987.5
-6.77727,6.77727,19.0476,14407.8,116879,24477
-6.77727,7.42273,19.0476,14407.8,116879,-24477
-6.13182,8.06818,19.0476,7074.24,69332.4,-28987.5
-5.48636,8.71364,19.0476,3920.14,5748.95,-25087.6
-4.84091,9.35909,19.0476,3199.62,-49612.2,-18259.3
-4.19545,10.0045,19.0476,3117.09,-86218.4,-9593.67
-3.55,10.65,19.0476,3133.18,-98945.2,-1.30851e-07
-2.90455,11.2955,19.0476,3117.09,-86218.4,9593.67
-2.25909,11.9409,19.0476,3199.62,-49612.2,18259.3
-1.61364,12.5864,19.0476,3920.14,5748.95,25087.6
-0.968182,13.2318,19.0476,7074.24,69332.4,28987.5
-0.322727,13.8773,19.0476,14407.8,116879,24477
0.322727,13.8773,19.0476,14407.8,116879,-24477
0.968182,13.2318,19.0476,7074.24,69332.4,-28987.5
1.61364,12.5864,19.0476,3920.14,5748.95,-25087.6
2.25909,11.9409,19.0476,3199.62,-49612.2,-18259.3
2.90455,11.2955,19.0476,3117.09,-86218.4,-9593.67
3.55,10.65,19.0476,3133.18,-98945.2,-2.13739e-07
4.19545,10.0045,19.0476,3117.09,-86218.4,9593.67
4.84091,9.35909,19.0476,3199.62,-49612.2,18259.3
5.48636,8.71364,19.0476,3920.14,5748.95,25087.6
6.13182,8.06818,19.0476,7074.24,69332.4,28987.5
6.77727,7.42273,19.0476,14407.8,116879,24477
6.77727,6.77727,19.0476,14407.8,116879,-24477
6.13182,6.13182,19.0476,7074.24,69332.4,-28987.5
5.48636,5.48636,19.0476,3920.14,5748.95,-25087.6
4.84091,4.84091,19.0476,3199.62,-49612.2,-18259.3
4.19545,4.19545,19.0476,3117.09,-86218.4,-9593.67
3.55,3.55,19.0476,3133.18,-98945.2,2.468e-08
2.90455,2.90455,19.0476,3117.09,-86218.4,9593.67
2.25909,2.25909,19.0476,3199.62,-49612.2,18259.3
1.61364,1.61364,19.0476,3920.14,5748.95,25087.6
0.968182,0.968182,19.0476,7074.24,69332.4,28987.5
0.322727,0.322727,19.0476,14407.8,116879,24477
