x,y,z,ux,uy,uz,θx,θy,θz
0,0,0,1.44009e-25,8.29526e-16,-1.37253e-15,-1.70978e-16,-8.59556e-27,2.34785e-28
-0.645455,0.645455,0,-1.04821e-15,1.92794e-15,-3.64222e-16,-9.19026e-16,9.19026e-16,-5.30708e-17
-1.29091,1.29091,0,1.0691e-15,3.52288e-15,8.69383e-17,-2.49295e-15,2.49295e-15,-2.94823e-17
-1.93636,1.93636,0,2.84664e-15,4.61692e-15,2.57871e-16,-4.06172e-15,4.06172e-15,-1.10491e-17
-2.58182,2.58182,0,4.09228e-15,5.15254e-15,3.36922e-16,-5.2224e-15,5.2224e-15,-4.04893e-18
-3.22727,3.22727,0,4.86762e-15,5.22014e-15,3.68756e-16,-5.82681e-15,5.82681e-15,-1.05064e-18
-3.87273,3.87273,0,5.22014e-15,4.86762e-15,3.68756e-16,-5.82681e-15,5.82681e-15,1.05064e-18
-4.51818,4.51818,0,5.15254e-15,4.09228e-15,3.36922e-16,-5.2224e-15,5.2224e-15,4.04893e-18
-5.16364,5.16364,0,4.61692e-15,2.84664e-15,2.57871e-16,-4.06172e-15,4.06172e-15,1.10491e-17
-5.80909,5.80909,0,3.52288e-15,1.0691e-15,8.69383e-17,-2.49295e-15,2.49295e-15,2.94823e-17
-6.45455,6.45455,0,1.92794e-15,-1.04821e-15,-3.64222e-16,-9.19026e-16,9.19026e-16,5.30708e-17
-7.1,7.1,0,8.29526e-16,9.42041e-26,-1.37253e-15,2.23472e-27,1.70978e-16,8.49258e-29
-6.45455,7.74545,0,1.92794e-15,1.04821e-15,-3.64222e-16,9.19026e-16,9.19026e-16,-5.30708e-17
-5.80909,8.39091,0,3.52288e-15,-1.0691e-15,8.69383e-17,2.49295e-15,2.49295e-15,-2.94823e-17
-5.16364,9.03636,0,4.61692e-15,-2.84664e-15,2.57871e-16,4.06172e-15,4.06172e-15,-1.10491e-17
-4.51818,9.68182,0,5.15254e-15,-4.09228e-15,3.36922e-16,5.2224e-15,5.2224e-15,-4.04893e-18
-3.87273,10.3273,0,5.22014e-15,-4.86762e-15,3.68756e-16,5.82681e-15,5.82681e-15,-1.05064e-18
-3.22727,10.9727,0,4.86762e-15,-5.22014e-15,3.68756e-16,5.82681e-15,5.82681e-15,1.05064e-18
-2.58182,11.6182,0,4.09228e-15,-5.15254e-15,3.36922e-16,5.2224e-15,5.2224e-15,4.04893e-18
-1.93636,12.2636,0,2.84664e-15,-4.61692e-15,2.57871e-16,4.06172e-15,4.06172e-15,1.10491e-17
-1.29091,12.9091,0,1.0691e-15,-3.52288e-15,8.69383e-17,2.49295e-15,2.49295e-15,2.94823e-17
-0.645455,13.5545,0,-1.04821e-15,-1.92794e-15,-3.64222e-16,9.19026e-16,9.19026e-16,5.30708e-17
0,14.2,0,3.63322e-26,-8.29526e-16,-1.37253e-15,1.70978e-16,1.66456e-27,7.81269e-29
0.645455,13.5545,0,1.04821e-15,-1.92794e-15,-3.64222e-16,9.19026e-16,-9.19026e-16,-5.30708e-17
1.29091,12.9091,0,-1.0691e-15,-3.52288e-15,8.69383e-17,2.49295e-15,-2.49295e-15,-2.94823e-17
1.93636,12.2636,0,-2.84664e-15,-4.61692e-15,2.57871e-16,4.06172e-15,-4.06172e-15,-1.10491e-17
2.58182,11.6182,0,-4.09228e-15,-5.15254e-15,3.36922e-16,5.2224e-15,-5.2224e-15,-4.04893e-18
3.22727,10.9727,0,-4.86762e-15,-5.22014e-15,3.68756e-16,5.82681e-15,-5.82681e-15,-1.05064e-18
3.87273,10.3273,0,-5.22014e-15,-4.86762e-15,3.68756e-16,5.82681e-15,-5.82681e-15,1.05064e-18
4.51818,9.68182,0,-5.15254e-15,-4.09228e-15,3.36922e-16,5.2224e-15,-5.2224e-15,4.04893e-18
5.16364,9.03636,0,-4.61692e-15,-2.84664e-15,2.57871e-16,4.06172e-15,-4.06172e-15,1.10491e-17
5.80909,8.39091,0,-3.52288e-15,-1.0691e-15,8.69383e-17,2.49295e-15,-2.49295e-15,2.94823e-17
6.45455,7.74545,0,-1.92794e-15,1.04821e-15,-3.64222e-16,9.19026e-16,-9.19026e-16,5.30708e-17
7.1,7.1,0,-8.29526e-16,-1.39533e-25,-1.37253e-15,-3.23588e-27,-1.70978e-16,-1.82769e-28
6.45455,6.45455,0,-1.92794e-15,-1.04821e-15,-3.64222e-16,-9.19026e-16,-9.19026e-16,-5.30708e-17
5.80909,5.80909,0,-3.52288e-15,1.0691e-15,8.69383e-17,-2.49295e-15,-2.49295e-15,-2.94823e-17
5.16364,5.16364,0,-4.61692e-15,2.84664e-15,2.57871e-16,-4.06172e-15,-4.06172e-15,-1.10491e-17
4.51818,4.51818,0,-5.15254e-15,4.09228e-15,3.36922e-16,-5.2224e-15,-5.2224e-15,-4.04893e-18
3.87273,3.87273,0,-5.22014e-15,4.86762e-15,3.68756e-16,-5.82681e-15,-5.82681e-15,-1.05064e-18
3.22727,3.22727,0,-4.86762e-15,5.22014e-15,3.68756e-16,-5.82681e-15,-5.82681e-15,1.05064e-18
2.58182,2.58182,0,-4.09228e-15,5.15254e-15,3.36922e-16,-5.2224e-15,-5.2224e-15,4.04893e-18
1.93636,1.93636,0,-2.84664e-15,4.61692e-15,2.57871e-16,-4.06172e-15,-4.06172e-15,1.10491e-17
1.29091,1.29091,0,-1.0691e-15,3.52288e-15,8.69383e-17,-2.49295e-15,-2.49295e-15,2.94823e-17
0.645455,0.645455,0,1.04821e-15,1.92794e-15,-3.64222e-16,-9.19026e-16,-9.19026e-16,5.30708e-17
0,0,0.952381,1.00903e-15,8.23153e-05,-1.1704e-05,-0.00128203,-1.4896e-13,2.94796e-12
-0.645455,0.645455,0.952381,0.0132525,0.013327,-1.31298e-06,-0.0242569,0.0242569,-0.0361683
-1.29091,1.29091,0.952381,0.0403852,0.0404442,1.8416e-06,-0.0722091,0.0722091,-0.0446641
-1.93636,1.93636,0.952381,0.0674446,0.0674866,3.26947e-06,-0.12104,0.12104,-0.0378819
-2.58182,2.58182,0.952381,0.0877477,0.0877728,3.92951e-06,-0.158314,0.158314,-0.0245037
-3.22727,3.22727,0.952381,0.0984383,0.0984467,4.19729e-06,-0.17812,0.17812,-0.00841559
-3.87273,3.87273,0.952381,0.0984467,0.0984383,4.19729e-06,-0.17812,0.17812,0.00841559
-4.51818,4.51818,0.952381,0.0877728,0.0877477,3.92951e-06,-0.158314,0.158314,0.0245037
-5.16364,5.16364,0.952381,0.0674866,0.0674446,3.26947e-06,-0.12104,0.12104,0.0378819
-5.80909,5.80909,0.952381,0.0404442,0.0403852,1.8416e-06,-0.0722091,0.0722091,0.0446641
-6.45455,6.45455,0.952381,0.013327,0.0132525,-1.31298e-06,-0.0242569,0.0242569,0.0361683
-7.1,7.1,0.952381,8.23153e-05,2.56609e-15,-1.1704e-05,3.20547e-14,0.00128203,-9.95291e-13
-6.45455,7.74545,0.952381,0.013327,-0.0132525,-1.31298e-06,0.0242569,0.0242569,-0.0361683
-5.80909,8.39091,0.952381,0.0404442,-0.0403852,1.8416e-06,0.0722091,0.0722091,-0.0446641
-5.16364,9.03636,0.952381,0.0674866,-0.0674446,3.26947e-06,0.12104,0.12104,-0.0378819
-4.51818,9.68182,0.952381,0.0877728,-0.0877477,3.92951e-06,0.158314,0.158314,-0.0245037
-3.87273,10.3273,0.952381,0.0984467,-0.0984383,4.19729e-06,0.17812,0.17812,-0.00841559
-3.22727,10.9727,0.952381,0.0984383,-0.0984467,4.19729e-06,0.17812,0.17812,0.00841559
-2.58182,11.6182,0.952381,0.0877477,-0.0877728,3.92951e-06,0.158314,0.158314,0.0245037
-1.93636,12.2636,0.952381,0.0674446,-0.0674866,3.26947e-06,0.12104,0.12104,0.0378819
-1.29091,12.9091,0.952381,0.0403852,-0.0404442,1.8416e-06,0.0722091,0.0722091,0.0446641
-0.645455,13.5545,0.952381,0.0132525,-0.013327,-1.31298e-06,0.0242569,0.0242569,0.0361683
0,14.2,0.952381,2.73403e-15,-8.23153e-05,-1.1704e-05,0.00128203,2.58541e-14,5.08559e-13
0.645455,13.5545,0.952381,-0.0132525,-0.013327,-1.31298e-06,0.0242569,-0.0242569,-0.0361683
1.29091,12.9091,0.952381,-0.0403852,-0.0404442,1.8416e-06,0.0722091,-0.0722091,-0.0446641
1.93636,12.2636,0.952381,-0.0674446,-0.0674866,3.26947e-06,0.12104,-0.12104,-0.0378819
2.58182,11.6182,0.952381,-0.0877477,-0.0877728,3.92951e-06,0.158314,-0.158314,-0.0245037
3.22727,10.9727,0.952381,-0.0984383,-0.0984467,4.19729e-06,0.17812,-0.17812,-0.00841559
3.87273,10.3273,0.952381,-0.0984467,-0.0984383,4.19729e-06,0.17812,-0.17812,0.00841559
4.51818,9.68182,0.952381,-0.0877728,-0.0877477,3.92951e-06,0.158314,-0.158314,0.0245037
5.16364,9.03636,0.952381,-0.0674866,-0.0674446,3.26947e-06,0.12104,-0.12104,0.0378819
5.80909,8.39091,0.952381,-0.0404442,-0.0403852,1.8416e-06,0.0722091,-0.0722091,0.0446641
6.45455,7.74545,0.952381,-0.013327,-0.0132525,-1.31298e-06,0.0242569,-0.0242569,0.0361683
7.1,7.1,0.952381,-8.23153e-05,-4.37218e-15,-1.1704e-05,-5.32623e-14,-0.00128203,-1.13463e-12
6.45455,6.45455,0.952381,-0.013327,0.0132525,-1.31298e-06,-0.0242569,-0.0242569,-0.0361683
5.80909,5.80909,0.952381,-0.0404442,0.0403852,1.8416e-06,-0.0722091,-0.0722091,-0.0446641
5.16364,5.16364,0.952381,-0.0674866,0.0674446,3.26947e-06,-0.12104,-0.12104,-0.0378819
4.51818,4.51818,0.952381,-0.0877728,0.0877477,3.92951e-06,-0.158314,-0.158314,-0.0245037
3.87273,3.87273,0.952381,-0.0984467,0.0984383,4.19729e-06,-0.17812,-0.17812,-0.00841559
3.22727,3.22727,0.952381,-0.0984383,0.0984467,4.19729e-06,-0.17812,-0.17812,0.00841559
2.58182,2.58182,0.952381,-0.0877477,0.0877728,3.92951e-06,-0.158314,-0.158314,0.0245037
1.93636,1.93636,0.952381,-0.0674446,0.0674866,3.26947e-06,-0.12104,-0.12104,0.0378819
1.29091,1.29091,0.952381,-0.0403852,0.0404442,1.8416e-06,-0.0722091,-0.0722091,0.0446641
0.645455,0.645455,0.952381,-0.0132525,0.013327,-1.31298e-06,-0.0242569,-0.0242569,0.0361683
0,0,1.90476,-3.10939e-15,0.000198274,-1.23444e-05,-0.000461602,-8.94545e-14,9.58535e-12
-0.645455,0.645455,1.90476,0.0396053,0.0397608,2.72542e-07,-0.0288869,0.0288869,-0.105654
-1.29091,1.29091,1.90476,0.119605,0.119723,5.658e-06,-0.087806,0.087806,-0.132654
-1.93636,1.93636,1.90476,0.201492,0.201575,8.0833e-06,-0.149939,0.149939,-0.115968
-2.58182,2.58182,1.90476,0.264438,0.264488,9.23316e-06,-0.198955,0.198955,-0.0765557
-3.22727,3.22727,1.90476,0.29805,0.298066,9.69881e-06,-0.22554,0.22554,-0.0265443
-3.87273,3.87273,1.90476,0.298066,0.29805,9.69881e-06,-0.22554,0.22554,0.0265443
-4.51818,4.51818,1.90476,0.264488,0.264438,9.23316e-06,-0.198955,0.198955,0.0765557
-5.16364,5.16364,1.90476,0.201575,0.201492,8.0833e-06,-0.149939,0.149939,0.115968
-5.80909,5.80909,1.90476,0.119723,0.119605,5.658e-06,-0.087806,0.087806,0.132654
-6.45455,6.45455,1.90476,0.0397608,0.0396053,2.72542e-07,-0.0288869,0.0288869,0.105654
-7.1,7.1,1.90476,0.000198274,3.2755e-15,-1.23444e-05,2.69832e-14,0.000461602,-3.48022e-12
-6.45455,7.74545,1.90476,0.0397608,-0.0396053,2.72542e-07,0.0288869,0.0288869,-0.105654
-5.80909,8.39091,1.90476,0.119723,-0.119605,5.658e-06,0.087806,0.087806,-0.132654
-5.16364,9.03636,1.90476,0.201575,-0.201492,8.0833e-06,0.149939,0.149939,-0.115968
-4.51818,9.68182,1.90476,0.264488,-0.264438,9.23316e-06,0.198955,0.198955,-0.0765557
-3.87273,10.3273,1.90476,0.298066,-0.29805,9.69881e-06,0.22554,0.22554,-0.0265443
-3.22727,10.9727,1.90476,0.29805,-0.298066,9.69881e-06,0.22554,0.22554,0.0265443
-2.58182,11.6182,1.90476,0.264438,-0.264488,9.23316e-06,0.198955,0.198955,0.0765557
-1.93636,12.2636,1.90476,0.201492,-0.201575,8.0833e-06,0.149939,0.149939,0.115968
-1.29091,12.9091,1.90476,0.119605,-0.119723,5.658e-06,0.087806,0.087806,0.132654
-0.645455,13.5545,1.90476,0.0396053,-0.0397608,2.72542e-07,0.0288869,0.0288869,0.105654
0,14.2,1.90476,6.43222e-15,-0.000198274,-1.23444e-05,0.000461602,1.14021e-14,1.67674e-12
0.645455,13.5545,1.90476,-0.0396053,-0.0397608,2.72542e-07,0.0288869,-0.0288869,-0.105654
1.29091,12.9091,1.90476,-0.119605,-0.119723,5.658e-06,0.087806,-0.087806,-0.132654
1.93636,12.2636,1.90476,-0.201492,-0.201575,8.0833e-06,0.149939,-0.149939,-0.115968
2.58182,11.6182,1.90476,-0.264438,-0.264488,9.23316e-06,0.198955,-0.198955,-0.0765557
3.22727,10.9727,1.90476,-0.29805,-0.298066,9.69881e-06,0.22554,-0.22554,-0.0265443
3.87273,10.3273,1.90476,-0.298066,-0.29805,9.69881e-06,0.22554,-0.22554,0.0265443
4.51818,9.68182,1.90476,-0.264488,-0.264438,9.23316e-06,0.198955,-0.198955,0.0765557
5.16364,9.03636,1.90476,-0.201575,-0.201492,8.0833e-06,0.149939,-0.149939,0.115968
5.80909,8.39091,1.90476,-0.119723,-0.119605,5.658e-06,0.087806,-0.087806,0.132654
6.45455,7.74545,1.90476,-0.0397608,-0.0396053,2.72542e-07,0.0288869,-0.0288869,0.105654
7.1,7.1,1.90476,-0.000198274,-6.72965e-15,-1.23444e-05,-3.45803e-14,-0.000461602,-3.64297e-12
6.45455,6.45455,1.90476,-0.0397608,0.0396053,2.72542e-07,-0.0288869,-0.0288869,-0.105654
5.80909,5.80909,1.90476,-0.119723,0.119605,5.658e-06,-0.087806,-0.087806,-0.132654
5.16364,5.16364,1.90476,-0.201575,0.201492,8.0833e-06,-0.149939,-0.149939,-0.115968
4.51818,4.51818,1.90476,-0.264488,0.264438,9.23316e-06,-0.198955,-0.198955,-0.0765557
3.87273,3.87273,1.90476,-0.298066,0.29805,9.69881e-06,-0.22554,-0.22554,-0.0265443
3.22727,3.22727,1.90476,-0.29805,0.298066,9.69881e-06,-0.22554,-0.22554,0.0265443
2.58182,2.58182,1.90476,-0.264438,0.264488,9.23316e-06,-0.198955,-0.198955,0.0765557
1.93636,1.93636,1.90476,-0.201492,0.201575,8.0833e-06,-0.149939,-0.149939,0.115968
1.29091,1.29091,1.90476,-0.119605,0.119723,5.658e-06,-0.087806,-0.087806,0.132654
0.645455,0.645455,1.90476,-0.0396053,0.0397608,2.72542e-07,-0.0288869,-0.0288869,0.105654
0,0,2.85714,-7.16187e-15,0.000293241,-4.23734e-06,-0.000120323,-5.45817e-14,1.72275e-11
-0.645455,0.645455,2.85714,0.065147,0.0653753,6.29041e-06,-0.0241634,0.0241634,-0.175017
-1.29091,1.29091,2.85714,0.199075,0.199246,1.18408e-05,-0.0765329,0.0765329,-0.224203
-1.93636,1.93636,2.85714,0.338818,0.338938,1.45982e-05,-0.133821,0.133821,-0.199687
-2.58182,2.58182,2.85714,0.447973,0.448044,1.59375e-05,-0.180145,0.180145,-0.133603
-3.22727,3.22727,2.85714,0.506845,0.506869,1.64873e-05,-0.205654,0.205654,-0.0466406
-3.87273,3.87273,2.85714,0.506869,0.506845,1.64873e-05,-0.205654,0.205654,0.0466406
-4.51818,4.51818,2.85714,0.448044,0.447973,1.59375e-05,-0.180145,0.180145,0.133603
-5.16364,5.16364,2.85714,0.338938,0.338818,1.45982e-05,-0.133821,0.133821,0.199687
-5.80909,5.80909,2.85714,0.199246,0.199075,1.18408e-05,-0.0765329,0.0765329,0.224203
-6.45455,6.45455,2.85714,0.0653753,0.065147,6.29041e-06,-0.0241634,0.0241634,0.175017
-7.1,7.1,2.85714,0.000293241,3.62442e-15,-4.23734e-06,2.94656e-14,0.000120323,-6.72191e-12
-6.45455,7.74545,2.85714,0.0653753,-0.065147,6.29041e-06,0.0241634,0.0241634,-0.175017
-5.80909,8.39091,2.85714,0.199246,-0.199075,1.18408e-05,0.0765329,0.0765329,-0.224203
-5.16364,9.03636,2.85714,0.338938,-0.338818,1.45982e-05,0.133821,0.133821,-0.199687
-4.51818,9.68182,2.85714,0.448044,-0.447973,1.59375e-05,0.180145,0.180145,-0.133603
-3.87273,10.3273,2.85714,0.506869,-0.506845,1.64873e-05,0.205654,0.205654,-0.0466406
-3.22727,10.9727,2.85714,0.506845,-0.506869,1.64873e-05,0.205654,0.205654,0.0466406
-2.58182,11.6182,2.85714,0.447973,-0.448044,1.59375e-05,0.180145,0.180145,0.133603
-1.93636,12.2636,2.85714,0.338818,-0.338938,1.45982e-05,0.133821,0.133821,0.199687
-1.29091,12.9091,2.85714,0.199075,-0.199246,1.18408e-05,0.0765329,0.0765329,0.224203
-0.645455,13.5545,2.85714,0.065147,-0.0653753,6.29041e-06,0.0241634,0.0241634,0.175017
0,14.2,2.85714,1.03088e-14,-0.000293241,-4.23734e-06,0.000120323,1.35738e-14,3.20083e-12
0.645455,13.5545,2.85714,-0.065147,-0.0653753,6.29041e-06,0.0241634,-0.0241634,-0.175017
1.29091,12.9091,2.85714,-0.199075,-0.199246,1.18408e-05,0.0765329,-0.0765329,-0.224203
1.93636,12.2636,2.85714,-0.338818,-0.338938,1.45982e-05,0.133821,-0.133821,-0.199687
2.58182,11.6182,2.85714,-0.447973,-0.448044,1.59375e-05,0.180145,-0.180145,-0.133603
3.22727,10.9727,2.85714,-0.506845,-0.506869,1.64873e-05,0.205654,-0.205654,-0.0466406
3.87273,10.3273,2.85714,-0.506869,-0.506845,1.64873e-05,0.205654,-0.205654,0.0466406
4.51818,9.68182,2.85714,-0.448044,-0.447973,1.59375e-05,0.180145,-0.180145,0.133603
5.16364,9.03636,2.85714,-0.338938,-0.338818,1.45982e-05,0.133821,-0.133821,0.199687
5.80909,8.39091,2.85714,-0.199246,-0.199075,1.18408e-05,0.0765329,-0.0765329,0.224203
6.45455,7.74545,2.85714,-0.0653753,-0.065147,6.29041e-06,0.0241634,-0.0241634,0.175017
7.1,7.1,2.85714,-0.000293241,-8.97616e-15,-4.23734e-06,-1.57872e-14,-0.000120323,-6.45587e-12
6.45455,6.45455,2.85714,-0.0653753,0.065147,6.29041e-06,-0.0241634,-0.0241634,-0.175017
5.80909,5.80909,2.85714,-0.199246,0.199075,1.18408e-05,-0.0765329,-0.0765329,-0.224203
5.16364,5.16364,2.85714,-0.338938,0.338818,1.45982e-05,-0.133821,-0.133821,-0.199687
4.51818,4.51818,2.85714,-0.448044,0.447973,1.59375e-05,-0.180145,-0.180145,-0.133603
3.87273,3.87273,2.85714,-0.506869,0.506845,1.64873e-05,-0.205654,-0.205654,-0.0466406
3.22727,3.22727,2.85714,-0.506845,0.506869,1.64873e-05,-0.205654,-0.205654,0.0466406
2.58182,2.58182,2.85714,-0.447973,0.448044,1.59375e-05,-0.180145,-0.180145,0.133603
1.93636,1.93636,2.85714,-0.338818,0.338938,1.45982e-05,-0.133821,-0.133821,0.199687
1.29091,1.29091,2.85714,-0.199075,0.199246,1.18408e-05,-0.0765329,-0.0765329,0.224203
0.645455,0.645455,2.85714,-0.065147,0.0653753,6.29041e-06,-0.0241634,-0.0241634,0.175017
0,0,3.80952,-1.06765e-14,0.000359494,8.41937e-06,1.52818e-05,-3.3527e-14,2.40739e-11
-0.645455,0.645455,3.80952,0.0847116,0.0849933,1.57484e-05,-0.0169134,0.0169134,-0.229558
-1.29091,1.29091,3.80952,0.262335,0.262547,2.02283e-05,-0.0557631,0.0557631,-0.300022
-1.93636,1.93636,3.80952,0.450805,0.450953,2.26732e-05,-0.100028,0.100028,-0.271221
-2.58182,2.58182,3.80952,0.599841,0.599928,2.39091e-05,-0.136757,0.136757,-0.183307
-3.22727,3.22727,3.80952,0.68083,0.680859,2.44231e-05,-0.157279,0.157279,-0.0643201
-3.87273,3.87273,3.80952,0.680859,0.68083,2.44231e-05,-0.157279,0.157279,0.0643201
-4.51818,4.51818,3.80952,0.599928,0.599841,2.39091e-05,-0.136757,0.136757,0.183307
-5.16364,5.16364,3.80952,0.450953,0.450805,2.26732e-05,-0.100028,0.100028,0.271221
-5.80909,5.80909,3.80952,0.262547,0.262335,2.02283e-05,-0.0557631,0.0557631,0.300022
-6.45455,6.45455,3.80952,0.0849933,0.0847116,1.57484e-05,-0.0169134,0.0169134,0.229558
-7.1,7.1,3.80952,0.000359494,3.86869e-15,8.41937e-06,2.11042e-14,-1.52818e-05,-9.9797e-12
-6.45455,7.74545,3.80952,0.0849933,-0.0847116,1.57484e-05,0.0169134,0.0169134,-0.229558
-5.80909,8.39091,3.80952,0.262547,-0.262335,2.02283e-05,0.0557631,0.0557631,-0.300022
-5.16364,9.03636,3.80952,0.450953,-0.450805,2.26732e-05,0.100028,0.100028,-0.271221
-4.51818,9.68182,3.80952,0.599928,-0.599841,2.39091e-05,0.136757,0.136757,-0.183307
-3.87273,10.3273,3.80952,0.680859,-0.68083,2.44231e-05,0.157279,0.157279,-0.0643201
-3.22727,10.9727,3.80952,0.68083,-0.680859,2.44231e-05,0.157279,0.157279,0.0643201
-2.58182,11.6182,3.80952,0.599841,-0.599928,2.39091e-05,0.136757,0.136757,0.183307
-1.93636,12.2636,3.80952,0.450805,-0.450953,2.26732e-05,0.100028,0.100028,0.271221
-1.29091,12.9091,3.80952,0.262335,-0.262547,2.02283e-05,0.0557631,0.0557631,0.300022
-0.645455,13.5545,3.80952,0.0847116,-0.0849933,1.57484e-05,0.0169134,0.0169134,0.229558
0,14.2,3.80952,1.45181e-14,-0.000359494,8.41937e-06,-1.52818e-05,9.3352e-15,4.84685e-12
0.645455,13.5545,3.80952,-0.0847116,-0.0849933,1.57484e-05,0.0169134,-0.0169134,-0.229558
1.29091,12.9091,3.80952,-0.262335,-0.262547,2.02283e-05,0.0557631,-0.0557631,-0.300022
1.93636,12.2636,3.80952,-0.450805,-0.450953,2.26732e-05,0.100028,-0.100028,-0.271221
2.58182,11.6182,3.80952,-0.599841,-0.599928,2.39091e-05,0.136757,-0.136757,-0.183307
3.22727,10.9727,3.80952,-0.68083,-0.680859,2.44231e-05,0.157279,-0.157279,-0.0643201
3.87273,10.3273,3.80952,-0.680859,-0.68083,2.44231e-05,0.157279,-0.157279,0.0643201
4.51818,9.68182,3.80952,-0.599928,-0.599841,2.39091e-05,0.136757,-0.136757,0.183307
5.16364,9.03636,3.80952,-0.450953,-0.450805,2.26732e-05,0.100028,-0.100028,0.271221
5.80909,8.39091,3.80952,-0.262547,-0.262335,2.02283e-05,0.0557631,-0.0557631,0.300022
6.45455,7.74545,3.80952,-0.0849933,-0.0847116,1.57484e-05,0.0169134,-0.0169134,0.229558
7.1,7.1,3.80952,-0.000359494,-1.1346e-14,8.41937e-06,-1.43639e-14,1.52818e-05,-8.81856e-12
6.45455,6.45455,3.80952,-0.0849933,0.0847116,1.57484e-05,-0.0169134,-0.0169134,-0.229558
5.80909,5.80909,3.80952,-0.262547,0.262335,2.02283e-05,-0.0557631,-0.0557631,-0.300022
5.16364,5.16364,3.80952,-0.450953,0.450805,2.26732e-05,-0.100028,-0.100028,-0.271221
4.51818,4.51818,3.80952,-0.599928,0.599841,2.39091e-05,-0.136757,-0.136757,-0.183307
3.87273,3.87273,3.80952,-0.680859,0.68083,2.44231e-05,-0.157279,-0.157279,-0.0643201
3.22727,3.22727,3.80952,-0.68083,0.680859,2.44231e-05,-0.157279,-0.157279,0.0643201
2.58182,2.58182,3.80952,-0.599841,0.599928,2.39091e-05,-0.136757,-0.136757,0.183307
1.93636,1.93636,3.80952,-0.450805,0.450953,2.26732e-05,-0.100028,-0.100028,0.271221
1.29091,1.29091,3.80952,-0.262335,0.262547,2.02283e-05,-0.0557631,-0.0557631,0.300022
0.645455,0.645455,3.80952,-0.0847116,0.0849933,1.57484e-05,-0.0169134,-0.0169134,0.229558
0,0,4.7619,-1.31649e-14,0.00039828,2.31124e-05,7.2024e-05,-2.01173e-14,2.91204e-11
-0.645455,0.645455,4.7619,0.0973936,0.0977084,2.72651e-05,-0.00988524,0.00988524,-0.265846
-1.29091,1.29091,4.7619,0.305013,0.305252,3.01993e-05,-0.0341925,0.0341925,-0.353359
-1.93636,1.93636,4.7619,0.528424,0.528591,3.19488e-05,-0.0632937,0.0632937,-0.323378
-2.58182,2.58182,4.7619,0.706864,0.706962,3.287e-05,-0.0882181,0.0882181,-0.220333
-3.22727,3.22727,4.7619,0.804413,0.804445,3.3258e-05,-0.102392,0.102392,-0.0776248
-3.87273,3.87273,4.7619,0.804445,0.804413,3.3258e-05,-0.102392,0.102392,0.0776248
-4.51818,4.51818,4.7619,0.706962,0.706864,3.287e-05,-0.0882181,0.0882181,0.220333
-5.16364,5.16364,4.7619,0.528591,0.528424,3.19488e-05,-0.0632937,0.0632937,0.323378
-5.80909,5.80909,4.7619,0.305252,0.305013,3.01993e-05,-0.0341925,0.0341925,0.353359
-6.45455,6.45455,4.7619,0.0977084,0.0973936,2.72651e-05,-0.00988524,0.00988524,0.265846
-7.1,7.1,4.7619,0.00039828,4.19212e-15,2.31124e-05,1.49362e-14,-7.2024e-05,-1.26105e-11
-6.45455,7.74545,4.7619,0.0977084,-0.0973936,2.72651e-05,0.00988524,0.00988524,-0.265846
-5.80909,8.39091,4.7619,0.305252,-0.305013,3.01993e-05,0.0341925,0.0341925,-0.353359
-5.16364,9.03636,4.7619,0.528591,-0.528424,3.19488e-05,0.0632937,0.0632937,-0.323378
-4.51818,9.68182,4.7619,0.706962,-0.706864,3.287e-05,0.0882181,0.0882181,-0.220333
-3.87273,10.3273,4.7619,0.804445,-0.804413,3.3258e-05,0.102392,0.102392,-0.0776248
-3.22727,10.9727,4.7619,0.804413,-0.804445,3.3258e-05,0.102392,0.102392,0.0776248
-2.58182,11.6182,4.7619,0.706864,-0.706962,3.287e-05,0.0882181,0.0882181,0.220333
-1.93636,12.2636,4.7619,0.528424,-0.528591,3.19488e-05,0.0632937,0.0632937,0.323378
-1.29091,12.9091,4.7619,0.305013,-0.305252,3.01993e-05,0.0341925,0.0341925,0.353359
-0.645455,13.5545,4.7619,0.0973936,-0.0977084,2.72651e-05,0.00988524,0.00988524,0.265846
0,14.2,4.7619,1.83149e-14,-0.00039828,2.31124e-05,-7.2024e-05,-7.05707e-16,6.43638e-12
0.645455,13.5545,4.7619,-0.0973936,-0.0977084,2.72651e-05,0.00988524,-0.00988524,-0.265846
1.29091,12.9091,4.7619,-0.305013,-0.305252,3.01993e-05,0.0341925,-0.0341925,-0.353359
1.93636,12.2636,4.7619,-0.528424,-0.528591,3.19488e-05,0.0632937,-0.0632937,-0.323378
2.58182,11.6182,4.7619,-0.706864,-0.706962,3.287e-05,0.0882181,-0.0882181,-0.220333
3.22727,10.9727,4.7619,-0.804413,-0.804445,3.3258e-05,0.102392,-0.102392,-0.0776248
3.87273,10.3273,4.7619,-0.804445,-0.804413,3.3258e-05,0.102392,-0.102392,0.0776248
4.51818,9.68182,4.7619,-0.706962,-0.706864,3.287e-05,0.0882181,-0.0882181,0.220333
5.16364,9.03636,4.7619,-0.528591,-0.528424,3.19488e-05,0.0632937,-0.0632937,0.323378
5.80909,8.39091,4.7619,-0.305252,-0.305013,3.01993e-05,0.0341925,-0.0341925,0.353359
6.45455,7.74545,4.7619,-0.0977084,-0.0973936,2.72651e-05,0.00988524,-0.00988524,0.265846
7.1,7.1,4.7619,-0.00039828,-1.3566e-14,2.31124e-05,-1.39974e-14,7.2024e-05,-1.03341e-11
6.45455,6.45455,4.7619,-0.0977084,0.0973936,2.72651e-05,-0.00988524,-0.00988524,-0.265846
5.80909,5.80909,4.7619,-0.305252,0.305013,3.01993e-05,-0.0341925,-0.0341925,-0.353359
5.16364,5.16364,4.7619,-0.528591,0.528424,3.19488e-05,-0.0632937,-0.0632937,-0.323378
4.51818,4.51818,4.7619,-0.706962,0.706864,3.287e-05,-0.0882181,-0.0882181,-0.220333
3.87273,3.87273,4.7619,-0.804445,0.804413,3.3258e-05,-0.102392,-0.102392,-0.0776248
3.22727,3.22727,4.7619,-0.804413,0.804445,3.3258e-05,-0.102392,-0.102392,0.0776248
2.58182,2.58182,4.7619,-0.706864,0.706962,3.287e-05,-0.0882181,-0.0882181,0.220333
1.93636,1.93636,4.7619,-0.528424,0.528591,3.19488e-05,-0.0632937,-0.0632937,0.323378
1.29091,1.29091,4.7619,-0.305013,0.305252,3.01993e-05,-0.0341925,-0.0341925,0.353359
0.645455,0.645455,4.7619,-0.0973936,0.0977084,2.72651e-05,-0.00988524,-0.00988524,0.265846
0,0,5.71429,-1.42922e-14,0.000414631,3.82587e-05,9.47481e-05,9.17842e-15,3.17088e-11
-0.645455,0.645455,5.71429,0.10393,0.104261,3.97204e-05,-0.00403662,0.00403662,-0.28529
-1.29091,1.29091,5.71429,0.328378,0.32863,4.10759e-05,-0.0155042,0.0155042,-0.384323
-1.93636,1.93636,5.71429,0.572634,0.572811,4.19813e-05,-0.0305344,0.0305344,-0.35522
-2.58182,2.58182,5.71429,0.769305,0.76941,4.24773e-05,-0.0441237,0.0441237,-0.243618
-3.22727,3.22727,5.71429,0.877343,0.877378,4.26863e-05,-0.0520789,0.0520789,-0.0861088
-3.87273,3.87273,5.71429,0.877378,0.877343,4.26863e-05,-0.0520789,0.0520789,0.0861088
-4.51818,4.51818,5.71429,0.76941,0.769305,4.24773e-05,-0.0441237,0.0441237,0.243618
-5.16364,5.16364,5.71429,0.572811,0.572634,4.19813e-05,-0.0305344,0.0305344,0.35522
-5.80909,5.80909,5.71429,0.32863,0.328378,4.10759e-05,-0.0155042,0.0155042,0.384323
-6.45455,6.45455,5.71429,0.104261,0.10393,3.97204e-05,-0.00403662,0.00403662,0.28529
-7.1,7.1,5.71429,0.000414631,4.32403e-15,3.82587e-05,1.14778e-14,-9.47481e-05,-1.4158e-11
-6.45455,7.74545,5.71429,0.104261,-0.10393,3.97204e-05,0.00403662,0.00403662,-0.28529
-5.80909,8.39091,5.71429,0.32863,-0.328378,4.10759e-05,0.0155042,0.0155042,-0.384323
-5.16364,9.03636,5.71429,0.572811,-0.572634,4.19813e-05,0.0305344,0.0305344,-0.35522
-4.51818,9.68182,5.71429,0.76941,-0.769305,4.24773e-05,0.0441237,0.0441237,-0.243618
-3.87273,10.3273,5.71429,0.877378,-0.877343,4.26863e-05,0.0520789,0.0520789,-0.0861088
-3.22727,10.9727,5.71429,0.877343,-0.877378,4.26863e-05,0.0520789,0.0520789,0.0861088
-2.58182,11.6182,5.71429,0.769305,-0.76941,4.24773e-05,0.0441237,0.0441237,0.243618
-1.93636,12.2636,5.71429,0.572634,-0.572811,4.19813e-05,0.0305344,0.0305344,0.35522
-1.29091,12.9091,5.71429,0.328378,-0.32863,4.10759e-05,0.0155042,0.0155042,0.384323
-0.645455,13.5545,5.71429,0.10393,-0.104261,3.97204e-05,0.00403662,0.00403662,0.28529
0,14.2,5.71429,2.23153e-14,-0.000414631,3.82587e-05,-9.47481e-05,-5.41234e-16,7.94412e-12
0.645455,13.5545,5.71429,-0.10393,-0.104261,3.97204e-05,0.00403662,-0.00403662,-0.28529
1.29091,12.9091,5.71429,-0.328378,-0.32863,4.10759e-05,0.0155042,-0.0155042,-0.384323
1.93636,12.2636,5.71429,-0.572634,-0.572811,4.19813e-05,0.0305344,-0.0305344,-0.35522
2.58182,11.6182,5.71429,-0.769305,-0.76941,4.24773e-05,0.0441237,-0.0441237,-0.243618
3.22727,10.9727,5.71429,-0.877343,-0.877378,4.26863e-05,0.0520789,-0.0520789,-0.0861088
3.87273,10.3273,5.71429,-0.877378,-0.877343,4.26863e-05,0.0520789,-0.0520789,0.0861088
4.51818,9.68182,5.71429,-0.76941,-0.769305,4.24773e-05,0.0441237,-0.0441237,0.243618
5.16364,9.03636,5.71429,-0.572811,-0.572634,4.19813e-05,0.0305344,-0.0305344,0.35522
5.80909,8.39091,5.71429,-0.32863,-0.328378,4.10759e-05,0.0155042,-0.0155042,0.384323
6.45455,7.74545,5.71429,-0.104261,-0.10393,3.97204e-05,0.00403662,-0.00403662,0.28529
7.1,7.1,5.71429,-0.000414631,-1.57939e-14,3.82587e-05,1.4547e-14,9.47481e-05,-1.05145e-11
6.45455,6.45455,5.71429,-0.104261,0.10393,3.97204e-05,-0.00403662,-0.00403662,-0.28529
5.80909,5.80909,5.71429,-0.32863,0.328378,4.10759e-05,-0.0155042,-0.0155042,-0.384323
5.16364,5.16364,5.71429,-0.572811,0.572634,4.19813e-05,-0.0305344,-0.0305344,-0.35522
4.51818,4.51818,5.71429,-0.76941,0.769305,4.24773e-05,-0.0441237,-0.0441237,-0.243618
3.87273,3.87273,5.71429,-0.877378,0.877343,4.26863e-05,-0.0520789,-0.0520789,-0.0861088
3.22727,3.22727,5.71429,-0.877343,0.877378,4.26863e-05,-0.0520789,-0.0520789,0.0861088
2.58182,2.58182,5.71429,-0.769305,0.76941,4.24773e-05,-0.0441237,-0.0441237,0.243618
1.93636,1.93636,5.71429,-0.572634,0.572811,4.19813e-05,-0.0305344,-0.0305344,0.35522
1.29091,1.29091,5.71429,-0.328378,0.32863,4.10759e-05,-0.0155042,-0.0155042,0.384323
0.645455,0.645455,5.71429,-0.10393,0.104261,3.97204e-05,-0.00403662,-0.00403662,0.28529
0,0,6.66667,-1.40375e-14,0.00041402,5.29497e-05,0.000100726,2.52686e-14,3.17435e-11
-0.645455,0.645455,6.66667,0.105566,0.105898,5.23164e-05,0.000434723,-0.000434723,-0.291027
-1.29091,1.29091,6.66667,0.335833,0.336087,5.22768e-05,-0.000806392,0.000806392,-0.396156
-1.93636,1.93636,6.66667,0.588645,0.588825,5.23477e-05,-0.00422301,0.00422301,-0.369042
-2.58182,2.58182,6.66667,0.793521,0.793627,5.23894e-05,-0.00821381,0.00821381,-0.254427
-3.22727,3.22727,6.66667,0.906502,0.906538,5.23999e-05,-0.0108228,0.0108228,-0.0901651
-3.87273,3.87273,6.66667,0.906538,0.906502,5.23999e-05,-0.0108228,0.0108228,0.0901651
-4.51818,4.51818,6.66667,0.793627,0.793521,5.23894e-05,-0.00821381,0.00821381,0.254427
-5.16364,5.16364,6.66667,0.588825,0.588645,5.23477e-05,-0.00422301,0.00422301,0.369042
-5.80909,5.80909,6.66667,0.336087,0.335833,5.22768e-05,-0.000806392,0.000806392,0.396156
-6.45455,6.45455,6.66667,0.105898,0.105566,5.23164e-05,0.000434723,-0.000434723,0.291027
-7.1,7.1,6.66667,0.00041402,5.02166e-15,5.29497e-05,-6.46128e-15,-0.000100726,-1.42655e-11
-6.45455,7.74545,6.66667,0.105898,-0.105566,5.23164e-05,-0.000434723,-0.000434723,-0.291027
-5.80909,8.39091,6.66667,0.336087,-0.335833,5.22768e-05,0.000806392,0.000806392,-0.396156
-5.16364,9.03636,6.66667,0.588825,-0.588645,5.23477e-05,0.00422301,0.00422301,-0.369042
-4.51818,9.68182,6.66667,0.793627,-0.793521,5.23894e-05,0.00821381,0.00821381,-0.254427
-3.87273,10.3273,6.66667,0.906538,-0.906502,5.23999e-05,0.0108228,0.0108228,-0.0901651
-3.22727,10.9727,6.66667,0.906502,-0.906538,5.23999e-05,0.0108228,0.0108228,0.0901651
-2.58182,11.6182,6.66667,0.793521,-0.793627,5.23894e-05,0.00821381,0.00821381,0.254427
-1.93636,12.2636,6.66667,0.588645,-0.588825,5.23477e-05,0.00422301,0.00422301,0.369042
-1.29091,12.9091,6.66667,0.335833,-0.336087,5.22768e-05,0.000806392,0.000806392,0.396156
-0.645455,13.5545,6.66667,0.105566,-0.105898,5.23164e-05,-0.000434723,-0.000434723,0.291027
0,14.2,6.66667,2.62933e-14,-0.00041402,5.29497e-05,-0.000100726,2.77899e-15,9.51231e-12
0.645455,13.5545,6.66667,-0.105566,-0.105898,5.23164e-05,-0.000434723,0.000434723,-0.291027
1.29091,12.9091,6.66667,-0.335833,-0.336087,5.22768e-05,0.000806392,-0.000806392,-0.396156
1.93636,12.2636,6.66667,-0.588645,-0.588825,5.23477e-05,0.00422301,-0.00422301,-0.369042
2.58182,11.6182,6.66667,-0.793521,-0.793627,5.23894e-05,0.00821381,-0.00821381,-0.254427
3.22727,10.9727,6.66667,-0.906502,-0.906538,5.23999e-05,0.0108228,-0.0108228,-0.0901651
3.87273,10.3273,6.66667,-0.906538,-0.906502,5.23999e-05,0.0108228,-0.0108228,0.0901651
4.51818,9.68182,6.66667,-0.793627,-0.793521,5.23894e-05,0.00821381,-0.00821381,0.254427
5.16364,9.03636,6.66667,-0.588825,-0.588645,5.23477e-05,0.00422301,-0.00422301,0.369042
5.80909,8.39091,6.66667,-0.336087,-0.335833,5.22768e-05,0.000806392,-0.000806392,0.396156
6.45455,7.74545,6.66667,-0.105898,-0.105566,5.23164e-05,-0.000434723,0.000434723,0.291027
7.1,7.1,6.66667,-0.00041402,-1.85027e-14,5.29497e-05,4.80371e-15,0.000100726,-9.32429e-12
6.45455,6.45455,6.66667,-0.105898,0.105566,5.23164e-05,0.000434723,0.000434723,-0.291027
5.80909,5.80909,6.66667,-0.336087,0.335833,5.22768e-05,-0.000806392,-0.000806392,-0.396156
5.16364,5.16364,6.66667,-0.588825,0.588645,5.23477e-05,-0.00422301,-0.00422301,-0.369042
4.51818,4.51818,6.66667,-0.793627,0.793521,5.23894e-05,-0.00821381,-0.00821381,-0.254427
3.87273,3.87273,6.66667,-0.906538,0.906502,5.23999e-05,-0.0108228,-0.0108228,-0.0901651
3.22727,3.22727,6.66667,-0.906502,0.906538,5.23999e-05,-0.0108228,-0.0108228,0.0901651
2.58182,2.58182,6.66667,-0.793521,0.793627,5.23894e-05,-0.00821381,-0.00821381,0.254427
1.93636,1.93636,6.66667,-0.588645,0.588825,5.23477e-05,-0.00422301,-0.00422301,0.369042
1.29091,1.29091,6.66667,-0.335833,0.336087,5.22768e-05,-0.000806392,-0.000806392,0.396156
0.645455,0.645455,6.66667,-0.105566,0.105898,5.23164e-05,0.000434723,0.000434723,0.291027
0,0,7.61905,-1.29656e-14,0.000401315,6.66992e-05,9.89576e-05,2.1245e-14,2.96467e-11
-0.645455,0.645455,7.61905,0.103562,0.103886,6.45303e-05,0.00365119,-0.00365119,-0.286434
-1.29091,1.29091,7.61905,0.331183,0.331432,6.33586e-05,0.0100072,-0.0100072,-0.393031
-1.93636,1.93636,7.61905,0.582803,0.582979,6.26914e-05,0.0154618,-0.0154618,-0.368376
-2.58182,2.58182,7.61905,0.787741,0.787846,6.23053e-05,0.0189536,-0.0189536,-0.255017
-3.22727,3.22727,7.61905,0.901104,0.901139,6.21221e-05,0.0205636,-0.0205636,-0.090562
-3.87273,3.87273,7.61905,0.901139,0.901104,6.21221e-05,0.0205636,-0.0205636,0.090562
-4.51818,4.51818,7.61905,0.787846,0.787741,6.23053e-05,0.0189536,-0.0189536,0.255017
-5.16364,5.16364,7.61905,0.582979,0.582803,6.26914e-05,0.0154618,-0.0154618,0.368376
-5.80909,5.80909,7.61905,0.331432,0.331183,6.33586e-05,0.0100072,-0.0100072,0.393031
-6.45455,6.45455,7.61905,0.103886,0.103562,6.45303e-05,0.00365119,-0.00365119,0.286434
-7.1,7.1,7.61905,0.000401315,6.36203e-15,6.66992e-05,-2.20998e-14,-9.89576e-05,-1.28535e-11
-6.45455,7.74545,7.61905,0.103886,-0.103562,6.45303e-05,-0.00365119,-0.00365119,-0.286434
-5.80909,8.39091,7.61905,0.331432,-0.331183,6.33586e-05,-0.0100072,-0.0100072,-0.393031
-5.16364,9.03636,7.61905,0.582979,-0.582803,6.26914e-05,-0.0154618,-0.0154618,-0.368376
-4.51818,9.68182,7.61905,0.787846,-0.787741,6.23053e-05,-0.0189536,-0.0189536,-0.255017
-3.87273,10.3273,7.61905,0.901139,-0.901104,6.21221e-05,-0.0205636,-0.0205636,-0.090562
-3.22727,10.9727,7.61905,0.901104,-0.901139,6.21221e-05,-0.0205636,-0.0205636,0.090562
-2.58182,11.6182,7.61905,0.787741,-0.787846,6.23053e-05,-0.0189536,-0.0189536,0.255017
-1.93636,12.2636,7.61905,0.582803,-0.582979,6.26914e-05,-0.0154618,-0.0154618,0.368376
-1.29091,12.9091,7.61905,0.331183,-0.331432,6.33586e-05,-0.0100072,-0.0100072,0.393031
-0.645455,13.5545,7.61905,0.103562,-0.103886,6.45303e-05,-0.00365119,-0.00365119,0.286434
0,14.2,7.61905,3.05544e-14,-0.000401315,6.66992e-05,-9.89576e-05,2.51047e-14,1.11643e-11
0.645455,13.5545,7.61905,-0.103562,-0.103886,6.45303e-05,-0.00365119,0.00365119,-0.286434
1.29091,12.9091,7.61905,-0.331183,-0.331432,6.33586e-05,-0.0100072,0.0100072,-0.393031
1.93636,12.2636,7.61905,-0.582803,-0.582979,6.26914e-05,-0.0154618,0.0154618,-0.368376
2.58182,11.6182,7.61905,-0.787741,-0.787846,6.23053e-05,-0.0189536,0.0189536,-0.255017
3.22727,10.9727,7.61905,-0.901104,-0.901139,6.21221e-05,-0.0205636,0.0205636,-0.090562
3.87273,10.3273,7.61905,-0.901139,-0.901104,6.21221e-05,-0.0205636,0.0205636,0.090562
4.51818,9.68182,7.61905,-0.787846,-0.787741,6.23053e-05,-0.0189536,0.0189536,0.255017
5.16364,9.03636,7.61905,-0.582979,-0.582803,6.26914e-05,-0.0154618,0.0154618,0.368376
5.80909,8.39091,7.61905,-0.331432,-0.331183,6.33586e-05,-0.0100072,0.0100072,0.393031
6.45455,7.74545,7.61905,-0.103886,-0.103562,6.45303e-05,-0.00365119,0.00365119,0.286434
7.1,7.1,7.61905,-0.000401315,-2.1685e-14,6.66992e-05,1.11449e-14,9.89576e-05,-6.98463e-12
6.45455,6.45455,7.61905,-0.103886,0.103562,6.45303e-05,0.00365119,0.00365119,-0.286434
5.80909,5.80909,7.61905,-0.331432,0.331183,6.33586e-05,0.0100072,0.0100072,-0.393031
5.16364,5.16364,7.61905,-0.582979,0.582803,6.26914e-05,0.0154618,0.0154618,-0.368376
4.51818,4.51818,7.61905,-0.787846,0.787741,6.23053e-05,0.0189536,0.0189536,-0.255017
3.87273,3.87273,7.61905,-0.901139,0.901104,6.21221e-05,0.0205636,0.0205636,-0.090562
3.22727,3.22727,7.61905,-0.901104,0.901139,6.21221e-05,0.0205636,0.0205636,0.090562
2.58182,2.58182,7.61905,-0.787741,0.787846,6.23053e-05,0.0189536,0.0189536,0.255017
1.93636,1.93636,7.61905,-0.582803,0.582979,6.26914e-05,0.0154618,0.0154618,0.368376
1.29091,1.29091,7.61905,-0.331183,0.331432,6.33586e-05,0.0100072,0.0100072,0.393031
0.645455,0.645455,7.61905,-0.103562,0.103886,6.45303e-05,0.00365119,0.00365119,0.286434
0,0,8.57143,-1.15459e-14,0.000380408,7.92821e-05,9.41669e-05,1.57139e-14,2.5988e-11
-0.645455,0.645455,8.57143,0.0990038,0.0993119,7.60432e-05,0.0058466,-0.0058466,-0.274497
-1.29091,1.29091,8.57143,0.31786,0.318097,7.40081e-05,0.0175352,-0.0175352,-0.378946
-1.93636,1.93636,8.57143,0.561059,0.561228,7.27353e-05,0.0293648,-0.0293648,-0.356852
-2.58182,2.58182,8.57143,0.759912,0.760013,7.19791e-05,0.0383263,-0.0383263,-0.247833
-3.22727,3.22727,8.57143,0.870172,0.870206,7.16228e-05,0.043052,-0.043052,-0.0881536
-3.87273,3.87273,8.57143,0.870206,0.870172,7.16228e-05,0.043052,-0.043052,0.0881536
-4.51818,4.51818,8.57143,0.760013,0.759912,7.19791e-05,0.0383263,-0.0383263,0.247833
-5.16364,5.16364,8.57143,0.561228,0.561059,7.27353e-05,0.0293648,-0.0293648,0.356852
-5.80909,5.80909,8.57143,0.318097,0.31786,7.40081e-05,0.0175352,-0.0175352,0.378946
-6.45455,6.45455,8.57143,0.0993119,0.0990038,7.60432e-05,0.0058466,-0.0058466,0.274497
-7.1,7.1,8.57143,0.000380408,8.24032e-15,7.92821e-05,-1.60308e-14,-9.41669e-05,-1.02359e-11
-6.45455,7.74545,8.57143,0.0993119,-0.0990038,7.60432e-05,-0.0058466,-0.0058466,-0.274497
-5.80909,8.39091,8.57143,0.318097,-0.31786,7.40081e-05,-0.0175352,-0.0175352,-0.378946
-5.16364,9.03636,8.57143,0.561228,-0.561059,7.27353e-05,-0.0293648,-0.0293648,-0.356852
-4.51818,9.68182,8.57143,0.760013,-0.759912,7.19791e-05,-0.0383263,-0.0383263,-0.247833
-3.87273,10.3273,8.57143,0.870206,-0.870172,7.16228e-05,-0.043052,-0.043052,-0.0881536
-3.22727,10.9727,8.57143,0.870172,-0.870206,7.16228e-05,-0.043052,-0.043052,0.0881536
-2.58182,11.6182,8.57143,0.759912,-0.760013,7.19791e-05,-0.0383263,-0.0383263,0.247833
-1.93636,12.2636,8.57143,0.561059,-0.561228,7.27353e-05,-0.0293648,-0.0293648,0.356852
-1.29091,12.9091,8.57143,0.31786,-0.318097,7.40081e-05,-0.0175352,-0.0175352,0.378946
-0.645455,13.5545,8.57143,0.0990038,-0.0993119,7.60432e-05,-0.0058466,-0.0058466,0.274497
0,14.2,8.57143,3.48952e-14,-0.000380408,7.92821e-05,-9.41669e-05,2.90189e-14,1.27168e-11
0.645455,13.5545,8.57143,-0.0990038,-0.0993119,7.60432e-05,-0.0058466,0.0058466,-0.274497
1.29091,12.9091,8.57143,-0.31786,-0.318097,7.40081e-05,-0.0175352,0.0175352,-0.378946
1.93636,12.2636,8.57143,-0.561059,-0.561228,7.27353e-05,-0.0293648,0.0293648,-0.356852
2.58182,11.6182,8.57143,-0.759912,-0.760013,7.19791e-05,-0.0383263,0.0383263,-0.247833
3.22727,10.9727,8.57143,-0.870172,-0.870206,7.16228e-05,-0.043052,0.043052,-0.0881536
3.87273,10.3273,8.57143,-0.870206,-0.870172,7.16228e-05,-0.043052,0.043052,0.0881536
4.51818,9.68182,8.57143,-0.760013,-0.759912,7.19791e-05,-0.0383263,0.0383263,0.247833
5.16364,9.03636,8.57143,-0.561228,-0.561059,7.27353e-05,-0.0293648,0.0293648,0.356852
5.80909,8.39091,8.57143,-0.318097,-0.31786,7.40081e-05,-0.0175352,0.0175352,0.378946
6.45455,7.74545,8.57143,-0.0993119,-0.0990038,7.60432e-05,-0.0058466,0.0058466,0.274497
7.1,7.1,8.57143,-0.000380408,-2.48767e-14,7.92821e-05,2.66437e-14,9.41669e-05,-3.53127e-12
6.45455,6.45455,8.57143,-0.0993119,0.0990038,7.60432e-05,0.0058466,0.0058466,-0.274497
5.80909,5.80909,8.57143,-0.318097,0.31786,7.40081e-05,0.0175352,0.0175352,-0.378946
5.16364,5.16364,8.57143,-0.561228,0.561059,7.27353e-05,0.0293648,0.0293648,-0.356852
4.51818,4.51818,8.57143,-0.760013,0.759912,7.19791e-05,0.0383263,0.0383263,-0.247833
3.87273,3.87273,8.57143,-0.870206,0.870172,7.16228e-05,0.043052,0.043052,-0.0881536
3.22727,3.22727,8.57143,-0.870172,0.870206,7.16228e-05,0.043052,0.043052,0.0881536
2.58182,2.58182,8.57143,-0.759912,0.760013,7.19791e-05,0.0383263,0.0383263,0.247833
1.93636,1.93636,8.57143,-0.561059,0.561228,7.27353e-05,0.0293648,0.0293648,0.356852
1.29091,1.29091,8.57143,-0.31786,0.318097,7.40081e-05,0.0175352,0.0175352,0.378946
0.645455,0.645455,8.57143,-0.0990038,0.0993119,7.60432e-05,0.0058466,0.0058466,0.274497
0,0,9.52381,-1.00142e-14,0.000354218,9.06233e-05,8.88152e-05,8.17852e-15,2.11772e-11
-0.645455,0.645455,9.52381,0.0927427,0.0930306,8.66764e-05,0.00726612,-0.00726612,-0.25761
-1.29091,1.29091,9.52381,0.298649,0.298871,8.40175e-05,0.0224958,-0.0224958,-0.357275
-1.93636,1.93636,9.52381,0.528371,0.52853,8.22778e-05,0.0386511,-0.0386511,-0.337661
-2.58182,2.58182,9.52381,0.716769,0.716864,8.12222e-05,0.051381,-0.051381,-0.235087
-3.22727,3.22727,9.52381,0.821425,0.821456,8.07218e-05,0.0582731,-0.0582731,-0.0837255
-3.87273,3.87273,9.52381,0.821456,0.821425,8.07218e-05,0.0582731,-0.0582731,0.0837255
-4.51818,4.51818,9.52381,0.716864,0.716769,8.12222e-05,0.051381,-0.051381,0.235087
-5.16364,5.16364,9.52381,0.52853,0.528371,8.22778e-05,0.0386511,-0.0386511,0.337661
-5.80909,5.80909,9.52381,0.298871,0.298649,8.40175e-05,0.0224958,-0.0224958,0.357275
-6.45455,6.45455,9.52381,0.0930306,0.0927427,8.66764e-05,0.00726612,-0.00726612,0.25761
-7.1,7.1,9.52381,0.000354218,1.04525e-14,9.06233e-05,-2.96186e-14,-8.88152e-05,-6.86978e-12
-6.45455,7.74545,9.52381,0.0930306,-0.0927427,8.66764e-05,-0.00726612,-0.00726612,-0.25761
-5.80909,8.39091,9.52381,0.298871,-0.298649,8.40175e-05,-0.0224958,-0.0224958,-0.357275
-5.16364,9.03636,9.52381,0.52853,-0.528371,8.22778e-05,-0.0386511,-0.0386511,-0.337661
-4.51818,9.68182,9.52381,0.716864,-0.716769,8.12222e-05,-0.051381,-0.051381,-0.235087
-3.87273,10.3273,9.52381,0.821456,-0.821425,8.07218e-05,-0.0582731,-0.0582731,-0.0837255
-3.22727,10.9727,9.52381,0.821425,-0.821456,8.07218e-05,-0.0582731,-0.0582731,0.0837255
-2.58182,11.6182,9.52381,0.716769,-0.716864,8.12222e-05,-0.051381,-0.051381,0.235087
-1.93636,12.2636,9.52381,0.528371,-0.52853,8.22778e-05,-0.0386511,-0.0386511,0.337661
-1.29091,12.9091,9.52381,0.298649,-0.298871,8.40175e-05,-0.0224958,-0.0224958,0.357275
-0.645455,13.5545,9.52381,0.0927427,-0.0930306,8.66764e-05,-0.00726612,-0.00726612,0.25761
0,14.2,9.52381,3.89077e-14,-0.000354218,9.06233e-05,-8.88152e-05,1.3399e-14,1.35478e-11
0.645455,13.5545,9.52381,-0.0927427,-0.0930306,8.66764e-05,-0.00726612,0.00726612,-0.25761
1.29091,12.9091,9.52381,-0.298649,-0.298871,8.40175e-05,-0.0224958,0.0224958,-0.357275
1.93636,12.2636,9.52381,-0.528371,-0.52853,8.22778e-05,-0.0386511,0.0386511,-0.337661
2.58182,11.6182,9.52381,-0.716769,-0.716864,8.12222e-05,-0.051381,0.051381,-0.235087
3.22727,10.9727,9.52381,-0.821425,-0.821456,8.07218e-05,-0.0582731,0.0582731,-0.0837255
3.87273,10.3273,9.52381,-0.821456,-0.821425,8.07218e-05,-0.0582731,0.0582731,0.0837255
4.51818,9.68182,9.52381,-0.716864,-0.716769,8.12222e-05,-0.051381,0.051381,0.235087
5.16364,9.03636,9.52381,-0.52853,-0.528371,8.22778e-05,-0.0386511,0.0386511,0.337661
5.80909,8.39091,9.52381,-0.298871,-0.298649,8.40175e-05,-0.0224958,0.0224958,0.357275
6.45455,7.74545,9.52381,-0.0930306,-0.0927427,8.66764e-05,-0.00726612,0.00726612,0.25761
7.1,7.1,9.52381,-0.000354218,-2.84131e-14,9.06233e-05,2.873e-14,8.88152e-05,5.53019e-13
6.45455,6.45455,9.52381,-0.0930306,0.0927427,8.66764e-05,0.00726612,0.00726612,-0.25761
5.80909,5.80909,9.52381,-0.298871,0.298649,8.40175e-05,0.0224958,0.0224958,-0.357275
5.16364,5.16364,9.52381,-0.52853,0.528371,8.22778e-05,0.0386511,0.0386511,-0.337661
4.51818,4.51818,9.52381,-0.716864,0.716769,8.12222e-05,0.051381,0.051381,-0.235087
3.87273,3.87273,9.52381,-0.821456,0.821425,8.07218e-05,0.0582731,0.0582731,-0.0837255
3.22727,3.22727,9.52381,-0.821425,0.821456,8.07218e-05,0.0582731,0.0582731,0.0837255
2.58182,2.58182,9.52381,-0.716769,0.716864,8.12222e-05,0.051381,0.051381,0.235087
1.93636,1.93636,9.52381,-0.528371,0.52853,8.22778e-05,0.0386511,0.0386511,0.337661
1.29091,1.29091,9.52381,-0.298649,0.298871,8.40175e-05,0.0224958,0.0224958,0.357275
0.645455,0.645455,9.52381,-0.0927427,0.0930306,8.66764e-05,0.00726612,0.00726612,0.25761
0,0,10.4762,-8.52601e-15,0.000324831,0.000100727,8.40847e-05,1.93742e-14,1.55277e-11
-0.645455,0.645455,10.4762,0.0854127,0.0856774,9.63415e-05,0.00812177,-0.00812177,-0.23758
-1.29091,1.29091,10.4762,0.275671,0.275876,9.32581e-05,0.0255478,-0.0255478,-0.330657
-1.93636,1.93636,10.4762,0.488587,0.488733,9.11798e-05,0.0444461,-0.0444461,-0.313377
-2.58182,2.58182,10.4762,0.663608,0.663695,8.98972e-05,0.0596021,-0.0596021,-0.218602
-3.22727,3.22727,10.4762,0.760973,0.761002,8.92846e-05,0.0679014,-0.0679014,-0.0779311
-3.87273,3.87273,10.4762,0.761002,0.760973,8.92846e-05,0.0679014,-0.0679014,0.0779311
-4.51818,4.51818,10.4762,0.663695,0.663608,8.98972e-05,0.0596021,-0.0596021,0.218602
-5.16364,5.16364,10.4762,0.488733,0.488587,9.11798e-05,0.0444461,-0.0444461,0.313377
-5.80909,5.80909,10.4762,0.275876,0.275671,9.32581e-05,0.0255478,-0.0255478,0.330657
-6.45455,6.45455,10.4762,0.0856774,0.0854127,9.63415e-05,0.00812177,-0.00812177,0.23758
-7.1,7.1,10.4762,0.000324831,1.2423e-14,0.000100727,-3.16608e-14,-8.40847e-05,-3.27272e-12
-6.45455,7.74545,10.4762,0.0856774,-0.0854127,9.63415e-05,-0.00812177,-0.00812177,-0.23758
-5.80909,8.39091,10.4762,0.275876,-0.275671,9.32581e-05,-0.0255478,-0.0255478,-0.330657
-5.16364,9.03636,10.4762,0.488733,-0.488587,9.11798e-05,-0.0444461,-0.0444461,-0.313377
-4.51818,9.68182,10.4762,0.663695,-0.663608,8.98972e-05,-0.0596021,-0.0596021,-0.218602
-3.87273,10.3273,10.4762,0.761002,-0.760973,8.92846e-05,-0.0679014,-0.0679014,-0.0779311
-3.22727,10.9727,10.4762,0.760973,-0.761002,8.92846e-05,-0.0679014,-0.0679014,0.0779311
-2.58182,11.6182,10.4762,0.663608,-0.663695,8.98972e-05,-0.0596021,-0.0596021,0.218602
-1.93636,12.2636,10.4762,0.488587,-0.488733,9.11798e-05,-0.0444461,-0.0444461,0.313377
-1.29091,12.9091,10.4762,0.275671,-0.275876,9.32581e-05,-0.0255478,-0.0255478,0.330657
-0.645455,13.5545,10.4762,0.0854127,-0.0856774,9.63415e-05,-0.00812177,-0.00812177,0.23758
0,14.2,10.4762,4.22594e-14,-0.000324831,0.000100727,-8.40847e-05,1.28557e-14,1.3292e-11
0.645455,13.5545,10.4762,-0.0854127,-0.0856774,9.63415e-05,-0.00812177,0.00812177,-0.23758
1.29091,12.9091,10.4762,-0.275671,-0.275876,9.32581e-05,-0.0255478,0.0255478,-0.330657
1.93636,12.2636,10.4762,-0.488587,-0.488733,9.11798e-05,-0.0444461,0.0444461,-0.313377
2.58182,11.6182,10.4762,-0.663608,-0.663695,8.98972e-05,-0.0596021,0.0596021,-0.218602
3.22727,10.9727,10.4762,-0.760973,-0.761002,8.92846e-05,-0.0679014,0.0679014,-0.0779311
3.87273,10.3273,10.4762,-0.761002,-0.760973,8.92846e-05,-0.0679014,0.0679014,0.0779311
4.51818,9.68182,10.4762,-0.663695,-0.663608,8.98972e-05,-0.0596021,0.0596021,0.218602
5.16364,9.03636,10.4762,-0.488733,-0.488587,9.11798e-05,-0.0444461,0.0444461,0.313377
5.80909,8.39091,10.4762,-0.275876,-0.275671,9.32581e-05,-0.0255478,0.0255478,0.330657
6.45455,7.74545,10.4762,-0.0856774,-0.0854127,9.63415e-05,-0.00812177,0.00812177,0.23758
7.1,7.1,10.4762,-0.000324831,-3.14954e-14,0.000100727,2.62406e-14,8.40847e-05,4.70914e-12
6.45455,6.45455,10.4762,-0.0856774,0.0854127,9.63415e-05,0.00812177,0.00812177,-0.23758
5.80909,5.80909,10.4762,-0.275876,0.275671,9.32581e-05,0.0255478,0.0255478,-0.330657
5.16364,5.16364,10.4762,-0.488733,0.488587,9.11798e-05,0.0444461,0.0444461,-0.313377
4.51818,4.51818,10.4762,-0.663695,0.663608,8.98972e-05,0.0596021,0.0596021,-0.218602
3.87273,3.87273,10.4762,-0.761002,0.760973,8.92846e-05,0.0679014,0.0679014,-0.0779311
3.22727,3.22727,10.4762,-0.760973,0.761002,8.92846e-05,0.0679014,0.0679014,0.0779311
2.58182,2.58182,10.4762,-0.663608,0.663695,8.98972e-05,0.0596021,0.0596021,0.218602
1.93636,1.93636,10.4762,-0.488587,0.488733,9.11798e-05,0.0444461,0.0444461,0.313377
1.29091,1.29091,10.4762,-0.275671,0.275876,9.32581e-05,0.0255478,0.0255478,0.330657
0.645455,0.645455,10.4762,-0.0854127,0.0856774,9.63415e-05,0.00812177,0.00812177,0.23758
0,0,11.4286,-6.78538e-15,0.000293696,0.000109634,8.04368e-05,2.86334e-14,9.28641e-12
-0.645455,0.645455,11.4286,0.0774687,0.0777084,0.000105005,0.00857687,-0.00857687,-0.215719
-1.29091,1.29091,11.4286,0.250481,0.250667,0.000101657,0.0272173,-0.0272173,-0.30107
-1.93636,1.93636,11.4286,0.44457,0.444702,9.93519e-05,0.0476758,-0.0476758,-0.285974
-2.58182,2.58182,11.4286,0.604412,0.604492,9.791e-05,0.0642379,-0.0642379,-0.199796
-3.22727,3.22727,11.4286,0.693437,0.693464,9.72164e-05,0.0733614,-0.0733614,-0.0712837
-3.87273,3.87273,11.4286,0.693464,0.693437,9.72164e-05,0.0733614,-0.0733614,0.0712837
-4.51818,4.51818,11.4286,0.604492,0.604412,9.791e-05,0.0642379,-0.0642379,0.199796
-5.16364,5.16364,11.4286,0.444702,0.44457,9.93519e-05,0.0476758,-0.0476758,0.285974
-5.80909,5.80909,11.4286,0.250667,0.250481,0.000101657,0.0272173,-0.0272173,0.30107
-6.45455,6.45455,11.4286,0.0777084,0.0774687,0.000105005,0.00857687,-0.00857687,0.215719
-7.1,7.1,11.4286,0.000293696,1.36918e-14,0.000109634,3.76814e-15,-8.04368e-05,-1.37695e-13
-6.45455,7.74545,11.4286,0.0777084,-0.0774687,0.000105005,-0.00857687,-0.00857687,-0.215719
-5.80909,8.39091,11.4286,0.250667,-0.250481,0.000101657,-0.0272173,-0.0272173,-0.30107
-5.16364,9.03636,11.4286,0.444702,-0.44457,9.93519e-05,-0.0476758,-0.0476758,-0.285974
-4.51818,9.68182,11.4286,0.604492,-0.604412,9.791e-05,-0.0642379,-0.0642379,-0.199796
-3.87273,10.3273,11.4286,0.693464,-0.693437,9.72164e-05,-0.0733614,-0.0733614,-0.0712837
-3.22727,10.9727,11.4286,0.693437,-0.693464,9.72164e-05,-0.0733614,-0.0733614,0.0712837
-2.58182,11.6182,11.4286,0.604412,-0.604492,9.791e-05,-0.0642379,-0.0642379,0.199796
-1.93636,12.2636,11.4286,0.44457,-0.444702,9.93519e-05,-0.0476758,-0.0476758,0.285974
-1.29091,12.9091,11.4286,0.250481,-0.250667,0.000101657,-0.0272173,-0.0272173,0.30107
-0.645455,13.5545,11.4286,0.0774687,-0.0777084,0.000105005,-0.00857687,-0.00857687,0.215719
0,14.2,11.4286,4.40213e-14,-0.000293696,0.000109634,-8.04368e-05,-2.96152e-14,1.16489e-11
0.645455,13.5545,11.4286,-0.0774687,-0.0777084,0.000105005,-0.00857687,0.00857687,-0.215719
1.29091,12.9091,11.4286,-0.250481,-0.250667,0.000101657,-0.0272173,0.0272173,-0.30107
1.93636,12.2636,11.4286,-0.44457,-0.444702,9.93519e-05,-0.0476758,0.0476758,-0.285974
2.58182,11.6182,11.4286,-0.604412,-0.604492,9.791e-05,-0.0642379,0.0642379,-0.199796
3.22727,10.9727,11.4286,-0.693437,-0.693464,9.72164e-05,-0.0733614,0.0733614,-0.0712837
3.87273,10.3273,11.4286,-0.693464,-0.693437,9.72164e-05,-0.0733614,0.0733614,0.0712837
4.51818,9.68182,11.4286,-0.604492,-0.604412,9.791e-05,-0.0642379,0.0642379,0.199796
5.16364,9.03636,11.4286,-0.444702,-0.44457,9.93519e-05,-0.0476758,0.0476758,0.285974
5.80909,8.39091,11.4286,-0.250667,-0.250481,0.000101657,-0.0272173,0.0272173,0.30107
6.45455,7.74545,11.4286,-0.0777084,-0.0774687,0.000105005,-0.00857687,0.00857687,0.215719
7.1,7.1,11.4286,-0.000293696,-3.39825e-14,0.000109634,7.7165e-15,8.04368e-05,8.26852e-12
6.45455,6.45455,11.4286,-0.0777084,0.0774687,0.000105005,0.00857687,0.00857687,-0.215719
5.80909,5.80909,11.4286,-0.250667,0.250481,0.000101657,0.0272173,0.0272173,-0.30107
5.16364,5.16364,11.4286,-0.444702,0.44457,9.93519e-05,0.0476758,0.0476758,-0.285974
4.51818,4.51818,11.4286,-0.604492,0.604412,9.791e-05,0.0642379,0.0642379,-0.199796
3.87273,3.87273,11.4286,-0.693464,0.693437,9.72164e-05,0.0733614,0.0733614,-0.0712837
3.22727,3.22727,11.4286,-0.693437,0.693464,9.72164e-05,0.0733614,0.0733614,0.0712837
2.58182,2.58182,11.4286,-0.604412,0.604492,9.791e-05,0.0642379,0.0642379,0.199796
1.93636,1.93636,11.4286,-0.44457,0.444702,9.93519e-05,0.0476758,0.0476758,0.285974
1.29091,1.29091,11.4286,-0.250481,0.250667,0.000101657,0.0272173,0.0272173,0.30107
0.645455,0.645455,11.4286,-0.0774687,0.0777084,0.000105005,0.00857687,0.00857687,0.215719
0,0,12.381,-4.67511e-15,0.000261817,0.000117392,7.79453e-05,1.91485e-14,3.07981e-12
-0.645455,0.645455,12.381,0.0692342,0.0694484,0.000112665,0.0087448,-0.0087448,-0.192971
-1.29091,1.29091,12.381,0.224204,0.22437,0.00010918,0.0278805,-0.0278805,-0.269972
-1.93636,1.93636,12.381,0.39842,0.398539,0.000106743,0.0490179,-0.0490179,-0.256932
-2.58182,2.58182,12.381,0.542129,0.5422,0.000105202,0.0662166,-0.0662166,-0.179749
-3.22727,3.22727,12.381,0.622249,0.622273,0.000104456,0.0757215,-0.0757215,-0.0641755
-3.87273,3.87273,12.381,0.622273,0.622249,0.000104456,0.0757215,-0.0757215,0.0641755
-4.51818,4.51818,12.381,0.5422,0.542129,0.000105202,0.0662166,-0.0662166,0.179749
-5.16364,5.16364,12.381,0.398539,0.39842,0.000106743,0.0490179,-0.0490179,0.256932
-5.80909,5.80909,12.381,0.22437,0.224204,0.00010918,0.0278805,-0.0278805,0.269972
-6.45455,6.45455,12.381,0.0694484,0.0692342,0.000112665,0.0087448,-0.0087448,0.192971
-7.1,7.1,12.381,0.000261817,1.44167e-14,0.000117392,6.00919e-15,-7.79453e-05,2.17688e-12
-6.45455,7.74545,12.381,0.0694484,-0.0692342,0.000112665,-0.0087448,-0.0087448,-0.192971
-5.80909,8.39091,12.381,0.22437,-0.224204,0.00010918,-0.0278805,-0.0278805,-0.269972
-5.16364,9.03636,12.381,0.398539,-0.39842,0.000106743,-0.0490179,-0.0490179,-0.256932
-4.51818,9.68182,12.381,0.5422,-0.542129,0.000105202,-0.0662166,-0.0662166,-0.179749
-3.87273,10.3273,12.381,0.622273,-0.622249,0.000104456,-0.0757215,-0.0757215,-0.0641755
-3.22727,10.9727,12.381,0.622249,-0.622273,0.000104456,-0.0757215,-0.0757215,0.0641755
-2.58182,11.6182,12.381,0.542129,-0.5422,0.000105202,-0.0662166,-0.0662166,0.179749
-1.93636,12.2636,12.381,0.39842,-0.398539,0.000106743,-0.0490179,-0.0490179,0.256932
-1.29091,12.9091,12.381,0.224204,-0.22437,0.00010918,-0.0278805,-0.0278805,0.269972
-0.645455,13.5545,12.381,0.0692342,-0.0694484,0.000112665,-0.0087448,-0.0087448,0.192971
0,14.2,12.381,4.4764e-14,-0.000261817,0.000117392,-7.79453e-05,-3.17164e-14,8.86502e-12
0.645455,13.5545,12.381,-0.0692342,-0.0694484,0.000112665,-0.0087448,0.0087448,-0.192971
1.29091,12.9091,12.381,-0.224204,-0.22437,0.00010918,-0.0278805,0.0278805,-0.269972
1.93636,12.2636,12.381,-0.39842,-0.398539,0.000106743,-0.0490179,0.0490179,-0.256932
2.58182,11.6182,12.381,-0.542129,-0.5422,0.000105202,-0.0662166,0.0662166,-0.179749
3.22727,10.9727,12.381,-0.622249,-0.622273,0.000104456,-0.0757215,0.0757215,-0.0641755
3.87273,10.3273,12.381,-0.622273,-0.622249,0.000104456,-0.0757215,0.0757215,0.0641755
4.51818,9.68182,12.381,-0.5422,-0.542129,0.000105202,-0.0662166,0.0662166,0.179749
5.16364,9.03636,12.381,-0.398539,-0.39842,0.000106743,-0.0490179,0.0490179,0.256932
5.80909,8.39091,12.381,-0.22437,-0.224204,0.00010918,-0.0278805,0.0278805,0.269972
6.45455,7.74545,12.381,-0.0694484,-0.0692342,0.000112665,-0.0087448,0.0087448,0.192971
7.1,7.1,12.381,-0.000261817,-3.64816e-14,0.000117392,-3.34768e-16,7.79453e-05,1.09378e-11
6.45455,6.45455,12.381,-0.0694484,0.0692342,0.000112665,0.0087448,0.0087448,-0.192971
5.80909,5.80909,12.381,-0.22437,0.224204,0.00010918,0.0278805,0.0278805,-0.269972
5.16364,5.16364,12.381,-0.398539,0.39842,0.000106743,0.0490179,0.0490179,-0.256932
4.51818,4.51818,12.381,-0.5422,0.542129,0.000105202,0.0662166,0.0662166,-0.179749
3.87273,3.87273,12.381,-0.622273,0.622249,0.000104456,0.0757215,0.0757215,-0.0641755
3.22727,3.22727,12.381,-0.622249,0.622273,0.000104456,0.0757215,0.0757215,0.0641755
2.58182,2.58182,12.381,-0.542129,0.5422,0.000105202,0.0662166,0.0662166,0.179749
1.93636,1.93636,12.381,-0.39842,0.398539,0.000106743,0.0490179,0.0490179,0.256932
1.29091,1.29091,12.381,-0.224204,0.22437,0.00010918,0.0278805,0.0278805,0.269972
0.645455,0.645455,12.381,-0.0692342,0.0694484,0.000112665,0.0087448,0.0087448,0.192971
0,0,13.3333,-2.76707e-15,0.000229921,0.000124051,7.63899e-05,1.99242e-14,-2.57044e-12
-0.645455,0.645455,13.3333,0.0609471,0.0611354,0.000119338,0.00869429,-0.00869429,-0.170034
-1.29091,1.29091,13.3333,0.197675,0.197822,0.000115818,0.0277739,-0.0277739,-0.238458
-1.93636,1.93636,13.3333,0.351708,0.351813,0.000113328,0.0489105,-0.0489105,-0.227376
-2.58182,2.58182,13.3333,0.478972,0.479035,0.000111741,0.0661492,-0.0661492,-0.159284
-3.22727,3.22727,13.3333,0.549995,0.550016,0.000110969,0.0756909,-0.0756909,-0.0569077
-3.87273,3.87273,13.3333,0.550016,0.549995,0.000110969,0.0756909,-0.0756909,0.0569077
-4.51818,4.51818,13.3333,0.479035,0.478972,0.000111741,0.0661492,-0.0661492,0.159284
-5.16364,5.16364,13.3333,0.351813,0.351708,0.000113328,0.0489105,-0.0489105,0.227376
-5.80909,5.80909,13.3333,0.197822,0.197675,0.000115818,0.0277739,-0.0277739,0.238458
-6.45455,6.45455,13.3333,0.0611354,0.0609471,0.000119338,0.00869429,-0.00869429,0.170034
-7.1,7.1,13.3333,0.000229921,1.45958e-14,0.000124051,-1.07202e-15,-7.63899e-05,3.83981e-12
-6.45455,7.74545,13.3333,0.0611354,-0.0609471,0.000119338,-0.00869429,-0.00869429,-0.170034
-5.80909,8.39091,13.3333,0.197822,-0.197675,0.000115818,-0.0277739,-0.0277739,-0.238458
-5.16364,9.03636,13.3333,0.351813,-0.351708,0.000113328,-0.0489105,-0.0489105,-0.227376
-4.51818,9.68182,13.3333,0.479035,-0.478972,0.000111741,-0.0661492,-0.0661492,-0.159284
-3.87273,10.3273,13.3333,0.550016,-0.549995,0.000110969,-0.0756909,-0.0756909,-0.0569077
-3.22727,10.9727,13.3333,0.549995,-0.550016,0.000110969,-0.0756909,-0.0756909,0.0569077
-2.58182,11.6182,13.3333,0.478972,-0.479035,0.000111741,-0.0661492,-0.0661492,0.159284
-1.93636,12.2636,13.3333,0.351708,-0.351813,0.000113328,-0.0489105,-0.0489105,0.227376
-1.29091,12.9091,13.3333,0.197675,-0.197822,0.000115818,-0.0277739,-0.0277739,0.238458
-0.645455,13.5545,13.3333,0.0609471,-0.0611354,0.000119338,-0.00869429,-0.00869429,0.170034
0,14.2,13.3333,4.52501e-14,-0.000229921,0.000124051,-7.63899e-05,-2.89742e-15,5.84754e-12
0.645455,13.5545,13.3333,-0.0609471,-0.0611354,0.000119338,-0.00869429,0.00869429,-0.170034
1.29091,12.9091,13.3333,-0.197675,-0.197822,0.000115818,-0.0277739,0.0277739,-0.238458
1.93636,12.2636,13.3333,-0.351708,-0.351813,0.000113328,-0.0489105,0.0489105,-0.227376
2.58182,11.6182,13.3333,-0.478972,-0.479035,0.000111741,-0.0661492,0.0661492,-0.159284
3.22727,10.9727,13.3333,-0.549995,-0.550016,0.000110969,-0.0756909,0.0756909,-0.0569077
3.87273,10.3273,13.3333,-0.550016,-0.549995,0.000110969,-0.0756909,0.0756909,0.0569077
4.51818,9.68182,13.3333,-0.479035,-0.478972,0.000111741,-0.0661492,0.0661492,0.159284
5.16364,9.03636,13.3333,-0.351813,-0.351708,0.000113328,-0.0489105,0.0489105,0.227376
5.80909,8.39091,13.3333,-0.197822,-0.197675,0.000115818,-0.0277739,0.0277739,0.238458
6.45455,7.74545,13.3333,-0.0611354,-0.0609471,0.000119338,-0.00869429,0.00869429,0.170034
7.1,7.1,13.3333,-0.000229921,-3.76115e-14,0.000124051,-6.63541e-15,7.63899e-05,1.26635e-11
6.45455,6.45455,13.3333,-0.0611354,0.0609471,0.000119338,0.00869429,0.00869429,-0.170034
5.80909,5.80909,13.3333,-0.197822,0.197675,0.000115818,0.0277739,0.0277739,-0.238458
5.16364,5.16364,13.3333,-0.351813,0.351708,0.000113328,0.0489105,0.0489105,-0.227376
4.51818,4.51818,13.3333,-0.479035,0.478972,0.000111741,0.0661492,0.0661492,-0.159284
3.87273,3.87273,13.3333,-0.550016,0.549995,0.000110969,0.0756909,0.0756909,-0.0569077
3.22727,3.22727,13.3333,-0.549995,0.550016,0.000110969,0.0756909,0.0756909,0.0569077
2.58182,2.58182,13.3333,-0.478972,0.479035,0.000111741,0.0661492,0.0661492,0.159284
1.93636,1.93636,13.3333,-0.351708,0.351813,0.000113328,0.0489105,0.0489105,0.227376
1.29091,1.29091,13.3333,-0.197675,0.197822,0.000115818,0.0277739,0.0277739,0.238458
0.645455,0.645455,13.3333,-0.0609471,0.0611354,0.000119338,0.00869429,0.00869429,0.170034
0,0,14.2857,-9.94135e-16,0.000198597,0.000129653,7.56808e-05,5.98917e-15,-7.22026e-12
-0.645455,0.645455,14.2857,0.0527973,0.0529604,0.000125052,0.0084576,-0.0084576,-0.147466
-1.29091,1.29091,14.2857,0.171562,0.171689,0.000121583,0.0270191,-0.0270191,-0.207399
-1.93636,1.93636,14.2857,0.305688,0.305779,0.000119108,0.0475911,-0.0475911,-0.198201
-2.58182,2.58182,14.2857,0.416709,0.416764,0.00011752,0.0643776,-0.0643776,-0.139058
-3.22727,3.22727,14.2857,0.478738,0.478756,0.000116744,0.0736722,-0.0736722,-0.0497204
-3.87273,3.87273,14.2857,0.478756,0.478738,0.000116744,0.0736722,-0.0736722,0.0497204
-4.51818,4.51818,14.2857,0.416764,0.416709,0.00011752,0.0643776,-0.0643776,0.139058
-5.16364,5.16364,14.2857,0.305779,0.305688,0.000119108,0.0475911,-0.0475911,0.198201
-5.80909,5.80909,14.2857,0.171689,0.171562,0.000121583,0.0270191,-0.0270191,0.207399
-6.45455,6.45455,14.2857,0.0529604,0.0527973,0.000125052,0.0084576,-0.0084576,0.147466
-7.1,7.1,14.2857,0.000198597,1.45484e-14,0.000129653,7.08199e-15,-7.56808e-05,4.89391e-12
-6.45455,7.74545,14.2857,0.0529604,-0.0527973,0.000125052,-0.0084576,-0.0084576,-0.147466
-5.80909,8.39091,14.2857,0.171689,-0.171562,0.000121583,-0.0270191,-0.0270191,-0.207399
-5.16364,9.03636,14.2857,0.305779,-0.305688,0.000119108,-0.0475911,-0.0475911,-0.198201
-4.51818,9.68182,14.2857,0.416764,-0.416709,0.00011752,-0.0643776,-0.0643776,-0.139058
-3.87273,10.3273,14.2857,0.478756,-0.478738,0.000116744,-0.0736722,-0.0736722,-0.0497204
-3.22727,10.9727,14.2857,0.478738,-0.478756,0.000116744,-0.0736722,-0.0736722,0.0497204
-2.58182,11.6182,14.2857,0.416709,-0.416764,0.00011752,-0.0643776,-0.0643776,0.139058
-1.93636,12.2636,14.2857,0.305688,-0.305779,0.000119108,-0.0475911,-0.0475911,0.198201
-1.29091,12.9091,14.2857,0.171562,-0.171689,0.000121583,-0.0270191,-0.0270191,0.207399
-0.645455,13.5545,14.2857,0.0527973,-0.0529604,0.000125052,-0.0084576,-0.0084576,0.147466
0,14.2,14.2857,4.56322e-14,-0.000198597,0.000129653,-7.56808e-05,-1.35488e-14,2.93367e-12
0.645455,13.5545,14.2857,-0.0527973,-0.0529604,0.000125052,-0.0084576,0.0084576,-0.147466
1.29091,12.9091,14.2857,-0.171562,-0.171689,0.000121583,-0.0270191,0.0270191,-0.207399
1.93636,12.2636,14.2857,-0.305688,-0.305779,0.000119108,-0.0475911,0.0475911,-0.198201
2.58182,11.6182,14.2857,-0.416709,-0.416764,0.00011752,-0.0643776,0.0643776,-0.139058
3.22727,10.9727,14.2857,-0.478738,-0.478756,0.000116744,-0.0736722,0.0736722,-0.0497204
3.87273,10.3273,14.2857,-0.478756,-0.478738,0.000116744,-0.0736722,0.0736722,0.0497204
4.51818,9.68182,14.2857,-0.416764,-0.416709,0.00011752,-0.0643776,0.0643776,0.139058
5.16364,9.03636,14.2857,-0.305779,-0.305688,0.000119108,-0.0475911,0.0475911,0.198201
5.80909,8.39091,14.2857,-0.171689,-0.171562,0.000121583,-0.0270191,0.0270191,0.207399
6.45455,7.74545,14.2857,-0.0529604,-0.0527973,0.000125052,-0.0084576,0.0084576,0.147466
7.1,7.1,14.2857,-0.000198597,-3.8337e-14,0.000129653,-1.18625e-14,7.56808e-05,1.35497e-11
6.45455,6.45455,14.2857,-0.0529604,0.0527973,0.000125052,0.0084576,0.0084576,-0.147466
5.80909,5.80909,14.2857,-0.171689,0.171562,0.000121583,0.0270191,0.0270191,-0.207399
5.16364,5.16364,14.2857,-0.305779,0.305688,0.000119108,0.0475911,0.0475911,-0.198201
4.51818,4.51818,14.2857,-0.416764,0.416709,0.00011752,0.0643776,0.0643776,-0.139058
3.87273,3.87273,14.2857,-0.478756,0.478738,0.000116744,0.0736722,0.0736722,-0.0497204
3.22727,3.22727,14.2857,-0.478738,0.478756,0.000116744,0.0736722,0.0736722,0.0497204
2.58182,2.58182,14.2857,-0.416709,0.416764,0.00011752,0.0643776,0.0643776,0.139058
1.93636,1.93636,14.2857,-0.305688,0.305779,0.000119108,0.0475911,0.0475911,0.198201
1.29091,1.29091,14.2857,-0.171562,0.171689,0.000121583,0.0270191,0.0270191,0.207399
0.645455,0.645455,14.2857,-0.0527973,0.0529604,0.000125052,0.0084576,0.0084576,0.147466
0,0,15.2381,3.48612e-16,0.000168425,0.000134245,7.37091e-05,-1.28725e-14,-1.05852e-11
-0.645455,0.645455,15.2381,0.0449576,0.0450964,0.000129847,0.00804112,-0.00804112,-0.125765
-1.29091,1.29091,15.2381,0.146457,0.146566,0.000126504,0.0256582,-0.0256582,-0.177554
-1.93636,1.93636,15.2381,0.261458,0.261536,0.000124099,0.0451587,-0.0451587,-0.170177
-2.58182,2.58182,15.2381,0.356879,0.356926,0.000122549,0.0610536,-0.0610536,-0.119636
-3.22727,3.22727,15.2381,0.410272,0.410287,0.00012179,0.0698472,-0.0698472,-0.0428196
-3.87273,3.87273,15.2381,0.410287,0.410272,0.00012179,0.0698472,-0.0698472,0.0428196
-4.51818,4.51818,15.2381,0.356926,0.356879,0.000122549,0.0610536,-0.0610536,0.119636
-5.16364,5.16364,15.2381,0.261536,0.261458,0.000124099,0.0451587,-0.0451587,0.170177
-5.80909,5.80909,15.2381,0.146566,0.146457,0.000126504,0.0256582,-0.0256582,0.177554
-6.45455,6.45455,15.2381,0.0450964,0.0449576,0.000129847,0.00804112,-0.00804112,0.125765
-7.1,7.1,15.2381,0.000168425,1.42676e-14,0.000134245,1.06874e-14,-7.37091e-05,5.43478e-12
-6.45455,7.74545,15.2381,0.0450964,-0.0449576,0.000129847,-0.00804112,-0.00804112,-0.125765
-5.80909,8.39091,15.2381,0.146566,-0.146457,0.000126504,-0.0256582,-0.0256582,-0.177554
-5.16364,9.03636,15.2381,0.261536,-0.261458,0.000124099,-0.0451587,-0.0451587,-0.170177
-4.51818,9.68182,15.2381,0.356926,-0.356879,0.000122549,-0.0610536,-0.0610536,-0.119636
-3.87273,10.3273,15.2381,0.410287,-0.410272,0.00012179,-0.0698472,-0.0698472,-0.0428196
-3.22727,10.9727,15.2381,0.410272,-0.410287,0.00012179,-0.0698472,-0.0698472,0.0428196
-2.58182,11.6182,15.2381,0.356879,-0.356926,0.000122549,-0.0610536,-0.0610536,0.119636
-1.93636,12.2636,15.2381,0.261458,-0.261536,0.000124099,-0.0451587,-0.0451587,0.170177
-1.29091,12.9091,15.2381,0.146457,-0.146566,0.000126504,-0.0256582,-0.0256582,0.177554
-0.645455,13.5545,15.2381,0.0449576,-0.0450964,0.000129847,-0.00804112,-0.00804112,0.125765
0,14.2,15.2381,4.56905e-14,-0.000168425,0.000134245,-7.37091e-05,-6.99468e-15,3.91348e-13
0.645455,13.5545,15.2381,-0.0449576,-0.0450964,0.000129847,-0.00804112,0.00804112,-0.125765
1.29091,12.9091,15.2381,-0.146457,-0.146566,0.000126504,-0.0256582,0.0256582,-0.177554
1.93636,12.2636,15.2381,-0.261458,-0.261536,0.000124099,-0.0451587,0.0451587,-0.170177
2.58182,11.6182,15.2381,-0.356879,-0.356926,0.000122549,-0.0610536,0.0610536,-0.119636
3.22727,10.9727,15.2381,-0.410272,-0.410287,0.00012179,-0.0698472,0.0698472,-0.0428196
3.87273,10.3273,15.2381,-0.410287,-0.410272,0.00012179,-0.0698472,0.0698472,0.0428196
4.51818,9.68182,15.2381,-0.356926,-0.356879,0.000122549,-0.0610536,0.0610536,0.119636
5.16364,9.03636,15.2381,-0.261536,-0.261458,0.000124099,-0.0451587,0.0451587,0.170177
5.80909,8.39091,15.2381,-0.146566,-0.146457,0.000126504,-0.0256582,0.0256582,0.177554
6.45455,7.74545,15.2381,-0.0450964,-0.0449576,0.000129847,-0.00804112,0.00804112,0.125765
7.1,7.1,15.2381,-0.000168425,-3.8705e-14,0.000134245,-1.04434e-14,7.37091e-05,1.38487e-11
6.45455,6.45455,15.2381,-0.0450964,0.0449576,0.000129847,0.00804112,0.00804112,-0.125765
5.80909,5.80909,15.2381,-0.146566,0.146457,0.000126504,0.0256582,0.0256582,-0.177554
5.16364,5.16364,15.2381,-0.261536,0.261458,0.000124099,0.0451587,0.0451587,-0.170177
4.51818,4.51818,15.2381,-0.356926,0.356879,0.000122549,0.0610536,0.0610536,-0.119636
3.87273,3.87273,15.2381,-0.410287,0.410272,0.00012179,0.0698472,0.0698472,-0.0428196
3.22727,3.22727,15.2381,-0.410272,0.410287,0.00012179,0.0698472,0.0698472,0.0428196
2.58182,2.58182,15.2381,-0.356879,0.356926,0.000122549,0.0610536,0.0610536,0.119636
1.93636,1.93636,15.2381,-0.261458,0.261536,0.000124099,0.0451587,0.0451587,0.170177
1.29091,1.29091,15.2381,-0.146457,0.146566,0.000126504,0.0256582,0.0256582,0.177554
0.645455,0.645455,15.2381,-0.0449576,0.0450964,0.000129847,0.00804112,0.00804112,0.125765
0,0,16.1905,1.18911e-15,0.000140002,0.000137879,7.69226e-05,-1.08811e-14,-1.27775e-11
-0.645455,0.645455,16.1905,0.0376,0.0377159,0.00013378,0.00744214,-0.00744214,-0.105418
-1.29091,1.29091,16.1905,0.122929,0.12302,0.000130621,0.0237101,-0.0237101,-0.14963
-1.93636,1.93636,16.1905,0.220054,0.22012,0.000128335,0.0416643,-0.0416643,-0.144013
-2.58182,2.58182,16.1905,0.300926,0.300965,0.000126857,0.0562466,-0.0562466,-0.101539
-3.22727,3.22727,16.1905,0.346277,0.34629,0.000126133,0.064292,-0.064292,-0.0363977
-3.87273,3.87273,16.1905,0.34629,0.346277,0.000126133,0.064292,-0.064292,0.0363977
-4.51818,4.51818,16.1905,0.300965,0.300926,0.000126857,0.0562466,-0.0562466,0.101539
-5.16364,5.16364,16.1905,0.22012,0.220054,0.000128335,0.0416643,-0.0416643,0.144013
-5.80909,5.80909,16.1905,0.12302,0.122929,0.000130621,0.0237101,-0.0237101,0.14963
-6.45455,6.45455,16.1905,0.0377159,0.0376,0.00013378,0.00744214,-0.00744214,0.105418
-7.1,7.1,16.1905,0.000140002,1.37067e-14,0.000137879,5.46444e-15,-7.69226e-05,5.6649e-12
-6.45455,7.74545,16.1905,0.0377159,-0.0376,0.00013378,-0.00744214,-0.00744214,-0.105418
-5.80909,8.39091,16.1905,0.12302,-0.122929,0.000130621,-0.0237101,-0.0237101,-0.14963
-5.16364,9.03636,16.1905,0.22012,-0.220054,0.000128335,-0.0416643,-0.0416643,-0.144013
-4.51818,9.68182,16.1905,0.300965,-0.300926,0.000126857,-0.0562466,-0.0562466,-0.101539
-3.87273,10.3273,16.1905,0.34629,-0.346277,0.000126133,-0.064292,-0.064292,-0.0363977
-3.22727,10.9727,16.1905,0.346277,-0.34629,0.000126133,-0.064292,-0.064292,0.0363977
-2.58182,11.6182,16.1905,0.300926,-0.300965,0.000126857,-0.0562466,-0.0562466,0.101539
-1.93636,12.2636,16.1905,0.220054,-0.22012,0.000128335,-0.0416643,-0.0416643,0.144013
-1.29091,12.9091,16.1905,0.122929,-0.12302,0.000130621,-0.0237101,-0.0237101,0.14963
-0.645455,13.5545,16.1905,0.0376,-0.0377159,0.00013378,-0.00744214,-0.00744214,0.105418
0,14.2,16.1905,4.58945e-14,-0.000140002,0.000137879,-7.69226e-05,8.01742e-15,-1.51349e-12
0.645455,13.5545,16.1905,-0.0376,-0.0377159,0.00013378,-0.00744214,0.00744214,-0.105418
1.29091,12.9091,16.1905,-0.122929,-0.12302,0.000130621,-0.0237101,0.0237101,-0.14963
1.93636,12.2636,16.1905,-0.220054,-0.22012,0.000128335,-0.0416643,0.0416643,-0.144013
2.58182,11.6182,16.1905,-0.300926,-0.300965,0.000126857,-0.0562466,0.0562466,-0.101539
3.22727,10.9727,16.1905,-0.346277,-0.34629,0.000126133,-0.064292,0.064292,-0.0363977
3.87273,10.3273,16.1905,-0.34629,-0.346277,0.000126133,-0.064292,0.064292,0.0363977
4.51818,9.68182,16.1905,-0.300965,-0.300926,0.000126857,-0.0562466,0.0562466,0.101539
5.16364,9.03636,16.1905,-0.22012,-0.220054,0.000128335,-0.0416643,0.0416643,0.144013
5.80909,8.39091,16.1905,-0.12302,-0.122929,0.000130621,-0.0237101,0.0237101,0.14963
6.45455,7.74545,16.1905,-0.0377159,-0.0376,0.00013378,-0.00744214,0.00744214,0.105418
7.1,7.1,16.1905,-0.000140002,-3.88661e-14,0.000137879,-3.33532e-15,7.69226e-05,1.38538e-11
6.45455,6.45455,16.1905,-0.0377159,0.0376,0.00013378,0.00744214,0.00744214,-0.105418
5.80909,5.80909,16.1905,-0.12302,0.122929,0.000130621,0.0237101,0.0237101,-0.14963
5.16364,5.16364,16.1905,-0.22012,0.220054,0.000128335,0.0416643,0.0416643,-0.144013
4.51818,4.51818,16.1905,-0.300965,0.300926,0.000126857,0.0562466,0.0562466,-0.101539
3.87273,3.87273,16.1905,-0.34629,0.346277,0.000126133,0.064292,0.064292,-0.0363977
3.22727,3.22727,16.1905,-0.346277,0.34629,0.000126133,0.064292,0.064292,0.0363977
2.58182,2.58182,16.1905,-0.300926,0.300965,0.000126857,0.0562466,0.0562466,0.101539
1.93636,1.93636,16.1905,-0.220054,0.22012,0.000128335,0.0416643,0.0416643,0.144013
1.29091,1.29091,16.1905,-0.122929,0.12302,0.000130621,0.0237101,0.0237101,0.14963
0.645455,0.645455,16.1905,-0.0376,0.0377159,0.00013378,0.00744214,0.00744214,0.105418
0,0,17.1429,1.70241e-15,0.000114232,0.000140678,4.04064e-05,-9.26467e-15,-1.41299e-11
-0.645455,0.645455,17.1429,0.0308917,0.0309867,0.000136925,0.00668225,-0.00668225,-0.0868638
-1.29091,1.29091,17.1429,0.1015,0.101575,0.000133988,0.021283,-0.021283,-0.124259
-1.93636,1.93636,17.1429,0.182434,0.182488,0.000131862,0.0372523,-0.0372523,-0.120393
-2.58182,2.58182,17.1429,0.250209,0.250241,0.00013049,0.0500913,-0.0500913,-0.0852969
-3.22727,3.22727,17.1429,0.288353,0.288364,0.000129817,0.0571262,-0.0571262,-0.0306521
-3.87273,3.87273,17.1429,0.288364,0.288353,0.000129817,0.0571262,-0.0571262,0.0306521
-4.51818,4.51818,17.1429,0.250241,0.250209,0.00013049,0.0500913,-0.0500913,0.0852969
-5.16364,5.16364,17.1429,0.182488,0.182434,0.000131862,0.0372523,-0.0372523,0.120393
-5.80909,5.80909,17.1429,0.101575,0.1015,0.000133988,0.021283,-0.021283,0.124259
-6.45455,6.45455,17.1429,0.0309867,0.0308917,0.000136925,0.00668225,-0.00668225,0.0868638
-7.1,7.1,17.1429,0.000114232,1.33137e-14,0.000140678,2.01236e-15,-4.04064e-05,5.78854e-12
-6.45455,7.74545,17.1429,0.0309867,-0.0308917,0.000136925,-0.00668225,-0.00668225,-0.0868638
-5.80909,8.39091,17.1429,0.101575,-0.1015,0.000133988,-0.021283,-0.021283,-0.124259
-5.16364,9.03636,17.1429,0.182488,-0.182434,0.000131862,-0.0372523,-0.0372523,-0.120393
-4.51818,9.68182,17.1429,0.250241,-0.250209,0.00013049,-0.0500913,-0.0500913,-0.0852969
-3.87273,10.3273,17.1429,0.288364,-0.288353,0.000129817,-0.0571262,-0.0571262,-0.0306521
-3.22727,10.9727,17.1429,0.288353,-0.288364,0.000129817,-0.0571262,-0.0571262,0.0306521
-2.58182,11.6182,17.1429,0.250209,-0.250241,0.00013049,-0.0500913,-0.0500913,0.0852969
-1.93636,12.2636,17.1429,0.182434,-0.182488,0.000131862,-0.0372523,-0.0372523,0.120393
-1.29091,12.9091,17.1429,0.1015,-0.101575,0.000133988,-0.021283,-0.021283,0.124259
-0.645455,13.5545,17.1429,0.0308917,-0.0309867,0.000136925,-0.00668225,-0.00668225,0.0868638
0,14.2,17.1429,4.63345e-14,-0.000114232,0.000140678,-4.04064e-05,1.03523e-14,-2.80197e-12
0.645455,13.5545,17.1429,-0.0308917,-0.0309867,0.000136925,-0.00668225,0.00668225,-0.0868638
1.29091,12.9091,17.1429,-0.1015,-0.101575,0.000133988,-0.021283,0.021283,-0.124259
1.93636,12.2636,17.1429,-0.182434,-0.182488,0.000131862,-0.0372523,0.0372523,-0.120393
2.58182,11.6182,17.1429,-0.250209,-0.250241,0.00013049,-0.0500913,0.0500913,-0.0852969
3.22727,10.9727,17.1429,-0.288353,-0.288364,0.000129817,-0.0571262,0.0571262,-0.0306521
3.87273,10.3273,17.1429,-0.288364,-0.288353,0.000129817,-0.0571262,0.0571262,0.0306521
4.51818,9.68182,17.1429,-0.250241,-0.250209,0.00013049,-0.0500913,0.0500913,0.0852969
5.16364,9.03636,17.1429,-0.182488,-0.182434,0.000131862,-0.0372523,0.0372523,0.120393
5.80909,8.39091,17.1429,-0.101575,-0.1015,0.000133988,-0.021283,0.021283,0.124259
6.45455,7.74545,17.1429,-0.0309867,-0.0308917,0.000136925,-0.00668225,0.00668225,0.0868638
7.1,7.1,17.1429,-0.000114232,-3.89195e-14,0.000140678,-6.03513e-15,4.04064e-05,1.37547e-11
6.45455,6.45455,17.1429,-0.0309867,0.0308917,0.000136925,0.00668225,0.00668225,-0.0868638
5.80909,5.80909,17.1429,-0.101575,0.1015,0.000133988,0.021283,0.021283,-0.124259
5.16364,5.16364,17.1429,-0.182488,0.182434,0.000131862,0.0372523,0.0372523,-0.120393
4.51818,4.51818,17.1429,-0.250241,0.250209,0.00013049,0.0500913,0.0500913,-0.0852969
3.87273,3.87273,17.1429,-0.288364,0.288353,0.000129817,0.0571262,0.0571262,-0.0306521
3.22727,3.22727,17.1429,-0.288353,0.288364,0.000129817,0.0571262,0.0571262,0.0306521
2.58182,2.58182,17.1429,-0.250209,0.250241,0.00013049,0.0500913,0.0500913,0.0852969
1.93636,1.93636,17.1429,-0.182434,0.182488,0.000131862,0.0372523,0.0372523,0.120393
1.29091,1.29091,17.1429,-0.1015,0.101575,0.000133988,0.021283,0.021283,0.124259
0.645455,0.645455,17.1429,-0.0308917,0.0309867,0.000136925,0.00668225,0.00668225,0.0868638
0,0,18.0952,1.94027e-15,9.09087e-05,0.000142716,0.00014604,-1.31955e-14,-1.48911e-11
-0.645455,0.645455,18.0952,0.0249159,0.0249927,0.00013939,0.00594835,-0.00594835,-0.070341
-1.29091,1.29091,18.0952,0.0824661,0.0825269,0.000136656,0.018797,-0.018797,-0.101932
-1.93636,1.93636,18.0952,0.149295,0.149339,0.000134738,0.0323599,-0.0323599,-0.100022
-2.58182,2.58182,18.0952,0.205854,0.205881,0.000133509,0.0429766,-0.0429766,-0.0714824
-3.22727,3.22727,18.0952,0.237891,0.2379,0.000132905,0.0487145,-0.0487145,-0.0257973
-3.87273,3.87273,18.0952,0.2379,0.237891,0.000132905,0.0487145,-0.0487145,0.0257973
-4.51818,4.51818,18.0952,0.205881,0.205854,0.000133509,0.0429766,-0.0429766,0.0714824
-5.16364,5.16364,18.0952,0.149339,0.149295,0.000134738,0.0323599,-0.0323599,0.100022
-5.80909,5.80909,18.0952,0.0825269,0.0824661,0.000136656,0.018797,-0.018797,0.101932
-6.45455,6.45455,18.0952,0.0249927,0.0249159,0.00013939,0.00594835,-0.00594835,0.070341
-7.1,7.1,18.0952,9.09088e-05,1.29712e-14,0.000142716,3.16217e-15,-0.00014604,5.88177e-12
-6.45455,7.74545,18.0952,0.0249927,-0.0249159,0.00013939,-0.00594835,-0.00594835,-0.070341
-5.80909,8.39091,18.0952,0.0825269,-0.0824661,0.000136656,-0.018797,-0.018797,-0.101932
-5.16364,9.03636,18.0952,0.149339,-0.149295,0.000134738,-0.0323599,-0.0323599,-0.100022
-4.51818,9.68182,18.0952,0.205881,-0.205854,0.000133509,-0.0429766,-0.0429766,-0.0714824
-3.87273,10.3273,18.0952,0.2379,-0.237891,0.000132905,-0.0487145,-0.0487145,-0.0257973
-3.22727,10.9727,18.0952,0.237891,-0.2379,0.000132905,-0.0487145,-0.0487145,0.0257973
-2.58182,11.6182,18.0952,0.205854,-0.205881,0.000133509,-0.0429766,-0.0429766,0.0714824
-1.93636,12.2636,18.0952,0.149295,-0.149339,0.000134738,-0.0323599,-0.0323599,0.100022
-1.29091,12.9091,18.0952,0.0824661,-0.0825269,0.000136656,-0.018797,-0.018797,0.101932
-0.645455,13.5545,18.0952,0.0249159,-0.0249927,0.00013939,-0.00594835,-0.00594835,0.070341
0,14.2,18.0952,4.67528e-14,-9.09088e-05,0.000142716,-0.00014604,7.92072e-15,-3.67615e-12
0.645455,13.5545,18.0952,-0.0249159,-0.0249927,0.00013939,-0.00594835,0.00594835,-0.070341
1.29091,12.9091,18.0952,-0.0824661,-0.0825269,0.000136656,-0.018797,0.018797,-0.101932
1.93636,12.2636,18.0952,-0.149295,-0.149339,0.000134738,-0.0323599,0.0323599,-0.100022
2.58182,11.6182,18.0952,-0.205854,-0.205881,0.000133509,-0.0429766,0.0429766,-0.0714824
3.22727,10.9727,18.0952,-0.237891,-0.2379,0.000132905,-0.0487145,0.0487145,-0.0257973
3.87273,10.3273,18.0952,-0.2379,-0.237891,0.000132905,-0.0487145,0.0487145,0.0257973
4.51818,9.68182,18.0952,-0.205881,-0.205854,0.000133509,-0.0429766,0.0429766,0.0714824
5.16364,9.03636,18.0952,-0.149339,-0.149295,0.000134738,-0.0323599,0.0323599,0.100022
5.80909,8.39091,18.0952,-0.0825269,-0.0824661,0.000136656,-0.018797,0.018797,0.101932
6.45455,7.74545,18.0952,-0.0249927,-0.0249159,0.00013939,-0.00594835,0.00594835,0.070341
7.1,7.1,18.0952,-9.09088e-05,-3.89329e-14,0.000142716,-4.43863e-15,0.00014604,1.36563e-11
6.45455,6.45455,18.0952,-0.0249927,0.0249159,0.00013939,0.00594835,0.00594835,-0.070341
5.80909,5.80909,18.0952,-0.0825269,0.0824661,0.000136656,0.018797,0.018797,-0.101932
5.16364,5.16364,18.0952,-0.149339,0.149295,0.000134738,0.0323599,0.0323599,-0.100022
4.51818,4.51818,18.0952,-0.205881,0.205854,0.000133509,0.0429766,0.0429766,-0.0714824
3.87273,3.87273,18.0952,-0.2379,0.237891,0.000132905,0.0487145,0.0487145,-0.0257973
3.22727,3.22727,18.0952,-0.237891,0.2379,0.000132905,0.0487145,0.0487145,0.0257973
2.58182,2.58182,18.0952,-0.205854,0.205881,0.000133509,0.0429766,0.0429766,0.0714824
1.93636,1.93636,18.0952,-0.149295,0.149339,0.000134738,0.0323599,0.0323599,0.100022
1.29091,1.29091,18.0952,-0.0824661,0.0825269,0.000136656,0.018797,0.018797,0.101932
0.645455,0.645455,18.0952,-0.0249159,0.0249927,0.00013939,0.00594835,0.00594835,0.070341
0,0,19.0476,2.02011e-15,7.3822e-05,0.000144954,-0.000885226,-1.57074e-14,-1.53804e-11
-0.645455,0.645455,19.0476,0.0193741,0.0194336,0.000141079,0.00613137,-0.00613137,-0.0550528
-1.29091,1.29091,19.0476,0.0654314,0.0654804,0.000138622,0.0173172,-0.0173172,-0.0830869
-1.93636,1.93636,19.0476,0.120703,0.12074,0.000137038,0.0278873,-0.0278873,-0.0837132
-2.58182,2.58182,19.0476,0.168407,0.168429,0.000136002,0.0357854,-0.0357854,-0.0606938
-3.22727,3.22727,19.0476,0.195699,0.195706,0.000135491,0.0399747,-0.0399747,-0.0220427
-3.87273,3.87273,19.0476,0.195706,0.195699,0.000135491,0.0399747,-0.0399747,0.0220427
-4.51818,4.51818,19.0476,0.168429,0.168407,0.000136002,0.0357854,-0.0357854,0.0606938
-5.16364,5.16364,19.0476,0.12074,0.120703,0.000137038,0.0278873,-0.0278873,0.0837132
-5.80909,5.80909,19.0476,0.0654804,0.0654314,0.000138622,0.0173172,-0.0173172,0.0830869
-6.45455,6.45455,19.0476,0.0194336,0.0193741,0.000141079,0.00613137,-0.00613137,0.0550528
-7.1,7.1,19.0476,7.3822e-05,1.28452e-14,0.000144954,2.64408e-15,0.000885226,6.00479e-12
-6.45455,7.74545,19.0476,0.0194336,-0.0193741,0.000141079,-0.00613137,-0.00613137,-0.0550528
-5.80909,8.39091,19.0476,0.0654804,-0.0654314,0.000138622,-0.0173172,-0.0173172,-0.0830869
-5.16364,9.03636,19.0476,0.12074,-0.120703,0.000137038,-0.0278873,-0.0278873,-0.0837132
-4.51818,9.68182,19.0476,0.168429,-0.168407,0.000136002,-0.0357854,-0.0357854,-0.0606938
-3.87273,10.3273,19.0476,0.195706,-0.195699,0.000135491,-0.0399747,-0.0399747,-0.0220427
-3.22727,10.9727,19.0476,0.195699,-0.195706,0.000135491,-0.0399747,-0.0399747,0.0220427
-2.58182,11.6182,19.0476,0.168407,-0.168429,0.000136002,-0.0357854,-0.0357854,0.0606938
-1.93636,12.2636,19.0476,0.120703,-0.12074,0.000137038,-0.0278873,-0.0278873,0.0837132
-1.29091,12.9091,19.0476,0.0654314,-0.0654804,0.000138622,-0.0173172,-0.0173172,0.0830869
-0.645455,13.5545,19.0476,0.0193741,-0.0194336,0.000141079,-0.00613137,-0.00613137,0.0550528
0,14.2,19.0476,4.69584e-14,-7.3822e-05,0.000144954,0.000885226,8.56638e-15,-4.36757e-12
0.645455,13.5545,19.0476,-0.0193741,-0.0194336,0.000141079,-0.00613137,0.00613137,-0.0550528
1.29091,12.9091,19.0476,-0.0654314,-0.0654804,0.000138622,-0.0173172,0.0173172,-0.0830869
1.93636,12.2636,19.0476,-0.120703,-0.12074,0.000137038,-0.0278873,0.0278873,-0.0837132
2.58182,11.6182,19.0476,-0.168407,-0.168429,0.000136002,-0.0357854,0.0357854,-0.0606938
3.22727,10.9727,19.0476,-0.195699,-0.195706,0.000135491,-0.0399747,0.0399747,-0.0220427
3.87273,10.3273,19.0476,-0.195706,-0.195699,0.000135491,-0.0399747,0.0399747,0.0220427
4.51818,9.68182,19.0476,-0.168429,-0.168407,0.000136002,-0.0357854,0.0357854,0.0606938
5.16364,9.03636,19.0476,-0.12074,-0.120703,0.000137038,-0.0278873,0.0278873,0.0837132
5.80909,8.39091,19.0476,-0.0654804,-0.0654314,0.000138622,-0.0173172,0.0173172,0.0830869
6.45455,7.74545,19.0476,-0.0194336,-0.0193741,0.000141079,-0.00613137,0.00613137,0.0550528
7.1,7.1,19.0476,-7.3822e-05,-3.902e-14,0.000144954,-6.51164e-15,-0.000885226,1.37263e-11
6.45455,6.45455,19.0476,-0.0194336,0.0193741,0.000141079,0.00613137,0.00613137,-0.0550528
5.80909,5.80909,19.0476,-0.0654804,0.0654314,0.000138622,0.0173172,0.0173172,-0.0830869
5.16364,5.16364,19.0476,-0.12074,0.120703,0.000137038,0.0278873,0.0278873,-0.0837132
4.51818,4.51818,19.0476,-0.168429,0.168407,0.000136002,0.0357854,0.0357854,-0.0606938
3.87273,3.87273,19.0476,-0.195706,0.195699,0.000135491,0.0399747,0.0399747,-0.0220427
3.22727,3.22727,19.0476,-0.195699,0.195706,0.000135491,0.0399747,0.0399747,0.0220427
2.58182,2.58182,19.0476,-0.168407,0.168429,0.000136002,0.0357854,0.0357854,0.0606938
1.93636,1.93636,19.0476,-0.120703,0.12074,0.000137038,0.0278873,0.0278873,0.0837132
1.29091,1.29091,19.0476,-0.0654314,0.0654804,0.000138622,0.0173172,0.0173172,0.0830869
0.645455,0.645455,19.0476,-0.0193741,0.0194336,0.000141079,0.00613137,0.00613137,0.0550528
0,0,20,2.86096e-15,3.55891e-05,0.000145217,0.0035821,2.93537e-14,-1.59028e-11
-0.645455,0.645455,20,0.0123353,0.0123835,0.000141382,0.00941939,-0.00941939,-0.0400859
-1.29091,1.29091,20,0.0487583,0.0488018,0.000140064,0.0182112,-0.0182112,-0.0687338
-1.93636,1.93636,20,0.095615,0.0956485,0.000138899,0.0252875,-0.0252875,-0.0722511
-2.58182,2.58182,20,0.137183,0.137204,0.000138114,0.0303058,-0.0303058,-0.0533316
-3.22727,3.22727,20,0.161248,0.161256,0.000137714,0.032918,-0.032918,-0.0195071
-3.87273,3.87273,20,0.161256,0.161248,0.000137714,0.032918,-0.032918,0.0195071
-4.51818,4.51818,20,0.137204,0.137183,0.000138114,0.0303058,-0.0303058,0.0533316
-5.16364,5.16364,20,0.0956485,0.095615,0.000138899,0.0252875,-0.0252875,0.0722511
-5.80909,5.80909,20,0.0488018,0.0487583,0.000140064,0.0182112,-0.0182112,0.0687338
-6.45455,6.45455,20,0.0123835,0.0123353,0.000141382,0.00941939,-0.00941939,0.0400859
-7.1,7.1,20,3.55891e-05,1.31105e-14,0.000145217,-1.30769e-14,-0.0035821,6.21846e-12
-6.45455,7.74545,20,0.0123835,-0.0123353,0.000141382,-0.00941939,-0.00941939,-0.0400859
-5.80909,8.39091,20,0.0488018,-0.0487583,0.000140064,-0.0182112,-0.0182112,-0.0687338
-5.16364,9.03636,20,0.0956485,-0.095615,0.000138899,-0.0252875,-0.0252875,-0.0722511
-4.51818,9.68182,20,0.137204,-0.137183,0.000138114,-0.0303058,-0.0303058,-0.0533316
-3.87273,10.3273,20,0.161256,-0.161248,0.000137714,-0.032918,-0.032918,-0.0195071
-3.22727,10.9727,20,0.161248,-0.161256,0.000137714,-0.032918,-0.032918,0.0195071
-2.58182,11.6182,20,0.137183,-0.137204,0.000138114,-0.0303058,-0.0303058,0.0533316
-1.93636,12.2636,20,0.095615,-0.0956485,0.000138899,-0.0252875,-0.0252875,0.0722511
-1.29091,12.9091,20,0.0487583,-0.0488018,0.000140064,-0.0182112,-0.0182112,0.0687338
-0.645455,13.5545,20,0.0123353,-0.0123835,0.000141382,-0.00941939,-0.00941939,0.0400859
0,14.2,20,4.60988e-14,-3.55891e-05,0.000145217,-0.0035821,-1.41759e-14,-5.0541e-12
0.645455,13.5545,20,-0.0123353,-0.0123835,0.000141382,-0.00941939,0.00941939,-0.0400859
1.29091,12.9091,20,-0.0487583,-0.0488018,0.000140064,-0.0182112,0.0182112,-0.0687338
1.93636,12.2636,20,-0.095615,-0.0956485,0.000138899,-0.0252875,0.0252875,-0.0722511
2.58182,11.6182,20,-0.137183,-0.137204,0.000138114,-0.0303058,0.0303058,-0.0533316
3.22727,10.9727,20,-0.161248,-0.161256,0.000137714,-0.032918,0.032918,-0.0195071
3.87273,10.3273,20,-0.161256,-0.161248,0.000137714,-0.032918,0.032918,0.0195071
4.51818,9.68182,20,-0.137204,-0.137183,0.000138114,-0.0303058,0.0303058,0.0533316
5.16364,9.03636,20,-0.0956485,-0.095615,0.000138899,-0.0252875,0.0252875,0.0722511
5.80909,8.39091,20,-0.0488018,-0.0487583,0.000140064,-0.0182112,0.0182112,0.0687338
6.45455,7.74545,20,-0.0123835,-0.0123353,0.000141382,-0.00941939,0.00941939,0.0400859
7.1,7.1,20,-3.55891e-05,-3.96681e-14,0.000145217,3.57065e-14,0.0035821,1.40305e-11
6.45455,6.45455,20,-0.0123835,0.0123353,0.000141382,0.00941939,0.00941939,-0.0400859
5.80909,5.80909,20,-0.0488018,0.0487583,0.000140064,0.0182112,0.0182112,-0.0687338
5.16364,5.16364,20,-0.0956485,0.095615,0.000138899,0.0252875,0.0252875,-0.0722511
4.51818,4.51818,20,-0.137204,0.137183,0.000138114,0.0303058,0.0303058,-0.0533316
3.87273,3.87273,20,-0.161256,0.161248,0.000137714,0.032918,0.032918,-0.0195071
3.22727,3.22727,20,-0.161248,0.161256,0.000137714,0.032918,0.032918,0.0195071
2.58182,2.58182,20,-0.137183,0.137204,0.000138114,0.0303058,0.0303058,0.0533316
1.93636,1.93636,20,-0.095615,0.0956485,0.000138899,0.0252875,0.0252875,0.0722511
1.29091,1.29091,20,-0.0487583,0.0488018,0.000140064,0.0182112,0.0182112,0.0687338
0.645455,0.645455,20,-0.0123353,0.0123835,0.000141382,0.00941939,0.00941939,0.0400859
